tratamento,estrato,gene,HR,ic_inf,ic_sup,p,n,eventos,fdr
hormone_therapy,tratado,gsk3b,1.266985478582597,1.17942405695631,1.361047532879547,9.389787775091234e-11,1170,691,1.3521294396131377e-09
hormone_therapy,tratado,stat5a,0.7963135807352594,0.7342071095047678,0.863673629217687,3.852586239014261e-08,1170,691,2.0952702684954534e-07
hormone_therapy,tratado,aurka,1.2159362492993997,1.1271085036975919,1.3117645351001455,4.3835025449145034e-07,1170,691,1.856542254316731e-06
hormone_therapy,tratado,vegfa,1.2537683004465285,1.1604974068585014,1.3545355137499604,9.819065388413997e-09,1170,691,6.021280178362495e-08
hormone_therapy,tratado,bcl2,0.8897232482057357,0.8168710008629522,0.9690727881899366,0.007346474480794692,1170,691,0.011498829622113432
hormone_therapy,tratado,spry2,0.7543167123892061,0.6947223130109292,0.819023215367359,1.8880696006531697e-11,1170,691,4.37648244923839e-10
hormone_therapy,tratado,igf1,0.7519707518804539,0.6894802650721483,0.8201250134758891,1.197198566324874e-10,1170,691,1.4366382795898488e-09
hormone_therapy,tratado,abcb1,0.8102764799605184,0.7453875734105125,0.8808142198738039,7.817546540084988e-07,1170,691,2.962438688874311e-06
hormone_therapy,tratado,flt3,0.8317521982996388,0.7656994433724406,0.9035029675994951,1.2793510977425692e-05,1170,691,4.1869672289756805e-05
hormone_therapy,tratado,cdkn2c,0.7704878767701605,0.7071699351084153,0.8394751229897495,2.5338067723727707e-09,1170,691,1.824340876108395e-08
hormone_therapy,tratado,pdgfra,0.7821228252799606,0.727694409104671,0.840622253201782,2.431379138465772e-11,1170,691,4.37648244923839e-10
hormone_therapy,tratado,erbb2,1.0534438255654444,0.9679122347233544,1.1465335944835349,0.2281704010833278,1170,691,0.2566917012187438
hormone_therapy,tratado,mapt,0.9156657741548696,0.8426955986578337,0.9949545379067259,0.03758577952771414,1170,691,0.04918745252433436
hormone_therapy,tratado,ar,1.1916201113594997,1.090172148663898,1.3025084997233791,0.00011259221665218382,1170,691,0.0003117938307291244
hormone_therapy,tratado,tubb4a,0.9880702748164012,0.9184344608674307,1.06298588475621,0.7475604455136341,1170,691,0.758089465872981
hormone_therapy,tratado,nrip1,0.9402007370767205,0.8702785259313448,1.0157408228056684,0.11785104594072468,1170,691,0.1391028738972488
hormone_therapy,tratado,ncoa3,1.1369919123886225,1.0577240250801827,1.2222002887181633,0.0004976922641544806,1170,691,0.0011559304199716969
hormone_therapy,tratado,jak2,0.8782858772297369,0.8108178199002971,0.9513679438323922,0.0014602823004427952,1170,691,0.0025643981861434456
hormone_therapy,nao tratado,gsk3b,1.2224809394645395,1.1189008340921018,1.3356497750461838,8.705677887934355e-06,727,407,2.9848038472917787e-05
hormone_therapy,nao tratado,stat5a,0.8278179625659856,0.752830676603359,0.9102745151655818,9.601606833467286e-05,727,407,0.00027652627680385786
hormone_therapy,nao tratado,aurka,1.1754799872466914,1.072489529193246,1.28836055066838,0.0005485674332925326,727,407,0.0011616722116783043
hormone_therapy,nao tratado,vegfa,1.134376327179593,1.037481122188125,1.240321027674687,0.005645749522265446,727,407,0.009033199235624715
hormone_therapy,nao tratado,bcl2,0.7827897312455161,0.7139052717458442,0.8583208271384981,1.8812627296133433e-07,727,407,8.465682283260046e-07
hormone_therapy,nao tratado,spry2,0.928463679654357,0.8359860709757849,1.0311712531658659,0.1655774902350457,727,407,0.1892314174114808
hormone_therapy,nao tratado,igf1,0.8741148650410054,0.7760718818356547,0.9845438485393552,0.026651055227959713,727,407,0.03916073421251223
hormone_therapy,nao tratado,abcb1,0.8476527165407043,0.7649667710859619,0.9392762601162628,0.0015982227602582893,727,407,0.002739810446157067
hormone_therapy,nao tratado,flt3,0.7912076370205604,0.7070040732740879,0.8854397712033697,4.518137598213159e-05,727,407,0.00013554412794639477
hormone_therapy,nao tratado,cdkn2c,0.8728142127554274,0.7704094127975473,0.9888309220179116,0.03265019662339625,727,407,0.04609439523303
hormone_therapy,nao tratado,pdgfra,0.9624561685337258,0.8707862738556535,1.063776387111692,0.45366104034473864,727,407,0.48034698389442915
hormone_therapy,nao tratado,erbb2,1.190105713374295,1.0878381473409067,1.3019874440588848,0.0001467421682161875,727,407,0.0003913124485765
hormone_therapy,nao tratado,mapt,0.8509076249762145,0.7765911215120415,0.932335905196716,0.0005351150079975789,727,407,0.0011616722116783043
hormone_therapy,nao tratado,ar,1.0240451039636256,0.9386861266180102,1.1171661593957047,0.5925997544155506,727,407,0.6183649611292701
hormone_therapy,nao tratado,tubb4a,1.0985062788770448,1.0069585827904686,1.1983770388929584,0.03433154037982844,727,407,0.04663907372354052
hormone_therapy,nao tratado,nrip1,0.8477983638491569,0.7739509854695854,0.928691970473049,0.0003838245995201971,727,407,0.000921179038848473
hormone_therapy,nao tratado,ncoa3,1.1128841097332929,1.0116400092888351,1.224260636515864,0.027965655710218522,727,407,0.04027054422271467
hormone_therapy,nao tratado,jak2,0.851761937812775,0.772469842310442,0.9391931684175813,0.0012895558666733836,727,407,0.0023212005600120903
chemotherapy,tratado,gsk3b,1.2494019261398508,1.093036655806498,1.4281361606214207,0.0010984693467599247,396,212,0.002027943409402938
chemotherapy,tratado,stat5a,0.8889453447468697,0.7732338539572077,1.0219726178606552,0.09802739570534749,396,212,0.11763287484641699
chemotherapy,tratado,aurka,1.2547287231761355,1.1035611086201622,1.4266035260446035,0.0005313492768187916,396,212,0.0011616722116783043
chemotherapy,tratado,vegfa,1.0886746521883333,0.9770498654659556,1.2130522097274532,0.12372833222099128,396,212,0.14368451483728018
chemotherapy,tratado,bcl2,0.7798319750532774,0.6728111544925466,0.9038760806130962,0.0009605180819710396,396,212,0.0018199289974188118
chemotherapy,tratado,spry2,0.873597935477604,0.7627973434769963,1.0004929348495388,0.05083828254583594,396,212,0.06421677795263488
chemotherapy,tratado,igf1,0.8581067085129552,0.742469962398819,0.9917534183011267,0.03825690751892673,396,212,0.04918745252433436
chemotherapy,tratado,abcb1,0.8446056998993114,0.7323685224258253,0.9740434855659093,0.02026148312045674,396,212,0.030392224680685108
chemotherapy,tratado,flt3,0.8098587429627014,0.6649759847632986,0.9863080751503943,0.03598905318504666,396,212,0.047985404246728876
chemotherapy,tratado,cdkn2c,0.8110213839272147,0.7042149659697928,0.9340268482953951,0.0036461548047830006,396,212,0.005966435135099455
chemotherapy,tratado,pdgfra,0.8873993369613122,0.7716634094653425,1.0204936162322262,0.09384714486099217,396,212,0.11452532932188876
chemotherapy,tratado,erbb2,1.1830451261208068,1.0733625870404961,1.3039356759184222,0.0007088884998184079,396,212,0.0014582849139121534
chemotherapy,tratado,mapt,0.8672716555889225,0.7465124249586783,1.0075654462544075,0.06268160285197061,396,212,0.07781164491968764
chemotherapy,tratado,ar,1.0634840232676936,0.9405975609080152,1.2024252610795845,0.3258735170762771,396,212,0.3501924362610739
chemotherapy,tratado,tubb4a,1.0106297713132062,0.8818336720690141,1.1582371676374916,0.8791722274548385,396,212,0.8791722274548385
chemotherapy,tratado,nrip1,0.9763021973942623,0.8525193517973577,1.118057881768097,0.7288070278611385,396,212,0.7496300858000282
chemotherapy,tratado,ncoa3,1.1488036484114192,1.0103210860006069,1.3062677211139537,0.03429055314815574,396,212,0.04663907372354052
chemotherapy,tratado,jak2,0.8213060394567717,0.719647146713341,0.9373254844806062,0.0034999819940265127,396,212,0.005860434966742068
chemotherapy,nao tratado,gsk3b,1.220049466728115,1.1469410904862465,1.2978179207377587,2.817731149946167e-10,1501,886,2.898237754230343e-09
chemotherapy,nao tratado,stat5a,0.7875440763523628,0.7353356757703366,0.8434592426757327,8.82134223304606e-12,1501,886,4.37648244923839e-10
chemotherapy,nao tratado,aurka,1.1699130943634506,1.092203518994906,1.2531516558586069,7.641467954799886e-06,1501,886,2.750928463727959e-05
chemotherapy,nao tratado,vegfa,1.1902817414349434,1.1112448331501208,1.2749401227605137,6.734812464696375e-07,1501,886,2.69392498587855e-06
chemotherapy,nao tratado,bcl2,0.8728176130997746,0.810690693708927,0.9397056012224444,0.0003054176917445509,1501,886,0.0007582784070899194
chemotherapy,nao tratado,spry2,0.7780041186938866,0.722767279621273,0.8374623834961386,2.3780501938197863e-11,1501,886,4.37648244923839e-10
chemotherapy,nao tratado,igf1,0.7824382096778844,0.7230427015122426,0.8467128575995548,1.1226064952109936e-09,1501,886,9.376041431796861e-09
chemotherapy,nao tratado,abcb1,0.8084804265792217,0.7517757137420945,0.8694622454722704,1.0035466963937491e-08,1501,886,6.021280178362495e-08
chemotherapy,nao tratado,flt3,0.8194903350044459,0.7632468039523616,0.8798784425799114,4.074136633185604e-08,1501,886,2.0952702684954534e-07
chemotherapy,nao tratado,cdkn2c,0.7969622820930683,0.7345461553587822,0.8646820549605337,4.92104488386585e-08,1501,886,2.3621015442556079e-07
chemotherapy,nao tratado,pdgfra,0.81640707677284,0.7647642933128858,0.8715371792758142,1.1720051789746077e-09,1501,886,9.376041431796861e-09
chemotherapy,nao tratado,erbb2,1.0482050283760447,0.9687790734838594,1.1341427695807162,0.24159258540243006,1501,886,0.2676102484457687
chemotherapy,nao tratado,mapt,0.9155071125469356,0.8527359278722743,0.9828989793069549,0.014853402997740822,1501,886,0.022754149273134877
chemotherapy,nao tratado,ar,1.149717789178142,1.0683943795571336,1.2372313258523535,0.0001933933605572396,1501,886,0.0004972972128614732
chemotherapy,nao tratado,tubb4a,1.0344819058594088,0.9750093863996709,1.0975820627760018,0.2617776442035349,1501,886,0.2855756118584017
chemotherapy,nao tratado,nrip1,0.8929523479858943,0.8355689520646717,0.9542765965672296,0.0008347365161295736,1501,886,0.0016694730322591473
chemotherapy,nao tratado,ncoa3,1.1167025228544007,1.046221383857714,1.191931787850915,0.0009054725754501135,1501,886,0.0017620006873623833
chemotherapy,nao tratado,jak2,0.8620677081269076,0.8037230702133895,0.9246477560957272,3.3097198810745575e-05,1501,886,0.00010360862236407311
