,precision,recall,f1-score,support
LumA,0.7769028871391076,0.8718703976435935,0.8216516308119362,679.0
LumB,0.7970401691331924,0.8177874186550976,0.8072805139186295,461.0
Her2,0.7429906542056075,0.7227272727272728,0.7327188940092166,220.0
Basal,0.8342245989304813,0.7839195979899497,0.8082901554404145,199.0
claudin-low,0.8297872340425532,0.7878787878787878,0.8082901554404145,198.0
Normal,0.6712328767123288,0.35,0.460093896713615,140.0
accuracy,0.7849235635213495,0.7849235635213495,0.7849235635213495,0.7849235635213495
macro avg,0.7753630700272117,0.7223639124824501,0.7397208743890378,1897.0
weighted avg,0.7815981510439677,0.7849235635213495,0.7783659821663527,1897.0
