gene,media,dp,mad,minimo,maximo
magea8,0.000565840801265155,1.00204600066598,0.29399958,-1.2158,12.6817
fancd2,0.000508170795993674,1.00202317345404,0.94471272,-2.9397,4.6186
bche,0.000508803373748023,1.00202111977977,0.3165351,-1.1414,8.7762
met,0.000148339483394834,1.00193648253807,0.79126362,-2.2137,7.6227
bard1,-0.000398892988929888,1.00192948754936,1.00757496,-2.9849,3.3646
igf1r,-0.0000760147601476026,1.00191285868168,0.9696204,-2.3856,4.9793
diras3,0.000892461781760675,1.00189565891433,0.53329122,-1.3995,10.2727
nfkb1,-0.0000645756457564579,1.00188616621474,0.96843432,-4.5635,3.8213
prkce,-0.000406431207169215,1.00186494020828,0.93270366,-2.3216,7.0458
prkacg,0.000257828149710069,1.0018349250025,0.84330288,-2.6023,6.5486
bmp5,0.000747654190827622,1.00180727646241,0.50393574,-1.63,11.1038
prkcq,-0.00057011070110701,1.0018044854855,1.01024364,-3.2231,3.8465
bcas3,0.000837585661570902,1.00179020588054,0.8858535,-2.6722,5.3337
bad,-0.000105851344227728,1.00177441560992,0.97021344,-2.8825,5.382
slc29a1,0.000888402741170268,1.00177122859638,0.9696204,-3.8516,3.4109
akt1,0.000387822878228783,1.00175525354795,0.98177772,-2.7821,4.295
braf,0.00126557722720084,1.00172879962966,0.8688036,-2.5383,5.5645
mmp3,-0.000170005271481287,1.0017255133228,1.02462486,-1.9256,4.2991
abcb1,0.000891829204006327,1.00172452085235,0.9140229,-1.9477,5.118
clk3,-0.000661096468107539,1.00172193821042,0.9458988,-3.0581,5.5333
mapk14,0.000262414338429099,1.00172188766487,1.03322394,-2.9367,3.9901
col22a1,0.000398207696362678,1.00171333739411,0.50719746,-1.2151,8.1668
ugt2b17,0.000271481286241435,1.0017040860799,0.5433729,-2.1126,12.6439
pik3r2,-0.000326410121244069,1.0016946521748,0.94204404,-4.4302,4.3477
muc16,0.000691196626251977,1.00169412321245,0.40045026,-1.1067,4.9961
ccnb1,-0.000489035318924617,1.00168106284506,0.993342,-2.2135,4.556
mmp1,0.0011309963099631,1.00167919318714,0.43410528,-1.377,6.2827
csf1,-0.000404059040590405,1.00166821579037,0.86331798,-2.819,6.2807
hsd3b1,0.000124512387981023,1.00165260629489,0.83885508,-3.0538,12.4827
akr1c1,0.00048255139694254,1.00164008176749,0.98800464,-3.9322,4.1984
prr16,0.0000431734317343175,1.00163654547814,0.63914886,-1.679,8.1126
atr,0.000367738534528202,1.00162675334142,0.83574162,-2.7651,10.4968
cdkn2a,0.000902055877701633,1.00161333788004,0.53343948,-1.3569,5.8375
eif5a2,-0.000389351607801792,1.00161104203046,0.9451575,-2.3549,5.4963
hsd17b4,-0.000123668950975223,1.00160106662808,0.90838902,-4.9768,4.2983
bmp7,0.000598207696362677,1.00159503430775,0.50793876,-1.3615,8.5036
cxcr2,0.00129947285187138,1.00159122555638,0.93300018,-4.4427,12.0873
folr3,0.000657406431207168,1.00158237447969,0.72365706,-2.2188,12.1739
lifr,0.00106136004217185,1.0015804426716,0.80327268,-2.6356,7.1486
rpgr,0.000180811808118079,1.00157699777886,0.9095751,-2.9761,5.153
erbb2,0.00156700052714813,1.0015729838878,0.64759968,-3.2369,2.8582
tulp4,0.000264259356879282,1.00155910835028,0.97495776,-3.6093,3.8334
utrn,0.000909330521876647,1.00155586929382,0.97896078,-2.9623,4.1317
gldc,0.00111797575118608,1.00155490480562,0.34648362,-0.9667,6.3467
mtap,0.000935582498682131,1.00155003521656,0.78325758,-3.4626,4.9773
ctbp2,-0.0000110701107011072,1.00153487446614,0.97199256,-2.9686,5.496
terc,0.00120948866631523,1.00153286694986,0.63143934,-1.9763,8.2008
notch1,-0.00146784396415393,1.00151912651194,0.87013794,-3.3228,5.0313
flt3,0.00130237216657881,1.00151805787128,0.69593244,-1.7768,6.6398
vegfa,0.000643226146547181,1.00151675464209,0.88125744,-1.9344,5.1319
agmo,-0.000210964681075381,1.0015161545754,0.91224378,-3.3888,12.7286
ugt2b15,0.00202967843964154,1.0015145504206,0.38443818,-1.1669,10.8849
raf1,-0.000700000000000001,1.00150900528065,0.8569428,-3.0475,7.4071
acvr2a,0.00100637849235635,1.00150296668292,0.93151758,-2.8205,5.323
peg3,0.000453452820242487,1.00150186486444,0.74678562,-1.4641,5.0043
hes5,-0.000814232999472852,1.00148960242409,0.70379022,-2.3126,17.1431
map2,-0.0011566684238271,1.001488919049,0.54455898,-1.8012,6.9005
rps6kb1,0.00115672113863996,1.00148819420462,0.75523644,-2.7436,6.2826
alk,0.00052509225092251,1.00148444380022,0.80890656,-2.5249,8.4828
srd5a1,0.00115487612018977,1.00148034043465,0.64952706,-2.1208,6.5349
egfr,0.000139377965208223,1.00148003235982,0.55404762,-1.2194,9.5426
vegfb,-0.000914971006852923,1.00147984501745,0.96205914,-4.8903,4.79
ncor1,0.000651713231418029,1.00147523400922,0.95568396,-3.6868,3.2185
prkci,0.00129188191881919,1.0014694405871,0.92618022,-3.1416,5.88
brca1,0.00116578808645229,1.0014460913165,0.9318141,-2.4444,4.5542
map3k3,-0.00138481813389562,1.00144235166283,0.91313334,-3.0748,5.4806
tubb4a,0.000296415392725357,1.00143409487572,0.42609924,-1.5539,18.6351
serpini1,0.000374960463890352,1.00143122372143,0.68214426,-1.5688,5.2861
setdb1,-0.000955350553505537,1.00143085919761,0.94382316,-3.0832,5.3814
map3k13,0.00046178176067475,1.00142959800852,0.91595028,-2.6034,5.4135
lfng,-0.00049973642593569,1.00142825923869,1.01157798,-2.9711,3.1072
hes2,0.000095835529783869,1.00142745824295,0.62817762,-1.7291,5.2477
tbl1xr1,0.00162583025830259,1.00142210844891,0.83500032,-3.8971,7.0649
aph1a,0.00119362150764365,1.00141843968764,0.95464614,-2.2706,5.2375
aff2,0.00114338429098577,1.00141797680682,0.80149356,-2.6108,12.1414
cyp2c8,0.000873906167633106,1.0014081362603,0.58014138,-1.9889,11.8916
hey2,-0.000544491302055876,1.00140463221855,0.7590912,-1.7809,5.3987
nr2f1,0.00111133368476542,1.00140386888155,0.8510124,-1.9793,5.1404
nek1,0.00000537691091196668,1.00139957199288,1.00401672,-3.6108,3.8106
ctnna3,-0.00090980495519241,1.00139003473443,0.97466124,-3.4568,5.3332
cyp3a5,-0.000755824986821299,1.00138891239107,0.52647126,-2.0903,11.5864
ptprm,-0.000991723774380601,1.00138289823191,0.98830116,-3.0661,4.6617
stat2,-0.00148181338956247,1.00138216073425,0.97006518,-4.493,4.2096
srd5a3,0.000572851871375858,1.00137897626705,0.86198364,-2.7194,6.329
men1,-0.00000943595150237092,1.0013762958798,0.90853728,-4.4956,6.5097
smad9,-0.000617606747496046,1.00136844874046,0.92855238,-2.6609,5.4066
ptpn22,0.00146895097522404,1.00136586769355,0.7753998,-2.3572,6.818
bmp15,-0.00082182393252504,1.00135852032742,0.93003498,-3.4436,6.31
psenen,0.000698523985239852,1.00135771474412,0.93744798,-3.1231,5.0269
bcl2,0.000537216657880864,1.00135731341041,1.03277916,-2.7919,2.6561
cdh1,0.000776489193463362,1.0013560946891,0.81483696,-3.3237,2.8209
rbl1,0.00041375856615709,1.00135584322614,0.87265836,-2.7465,5.0471
sox9,0.000939377965208224,1.00135394316275,1.01395014,-2.7535,3.2138
hsd17b2,-0.00060200316288877,1.0013397351794,0.43336398,-1.2892,5.8954
spen,0.000110753821823932,1.00133889165414,0.97273386,-5.951,3.2218
notch3,-0.00155313653136532,1.00133716453554,0.90720294,-3.967,5.2096
nrg3,0.000247021613073273,1.00133487336711,0.6731004,-2.2809,16.4499
smad2,0.000572377438060095,1.00133213530075,0.9644313,-3.5375,5.2968
inhbc,0.00114243542435424,1.00132928129832,0.91609854,-3.5731,6.5279
stat5b,-0.000358882445967318,1.00132479726434,0.99096984,-2.8606,4.3042
folr1,-0.000906694781233526,1.00132012900549,0.54159378,-1.1505,4.4417
stab2,-0.0011575118608329,1.00131869351829,0.66983868,-2.2509,10.8208
sik2,-0.00155519240906695,1.00131866641686,0.8947491,-3.604,7.9963
aurka,0.0000494992092778091,1.00131286033548,1.06109682,-2.2673,4.8163
fgfr1,0.000138850817079599,1.00131187454183,0.62328504,-1.7367,10.4471
rad51c,0.000779810226673698,1.00130125895769,0.8124648,-3.2567,4.4054
eif4ebp1,-0.00087053241960991,1.00129208156609,0.7005285,-1.8112,7.4036
hes1,-0.000456510279388507,1.00128373158151,0.93151758,-3.7008,4.5158
myo1a,0.000912335266209806,1.00128095649805,0.86109408,-2.7859,12.0705
ahnak2,-0.00161813389562467,1.00127473268025,0.9696204,-3.1497,3.7932
tert,0.000994570374275171,1.00126723489385,0.9399684,-3.2403,7.2863
lipi,-0.000106167633104902,1.00126696256586,0.64819272,-2.8361,20.1984
hsd17b10,0.000939957828149711,1.00126597963702,0.93166584,-3.7902,5.0452
e2f7,-0.000637374802319452,1.0012637476208,0.86910012,-1.9359,6.1426
atm,-0.000784132841328415,1.00125576507988,0.9970485,-3.1705,3.8242
numb,-0.0000413284132841339,1.00125242351826,0.90913032,-5.1235,4.3237
smad5,-0.000584290985767,1.0012509734641,0.61498248,-1.8512,10.3549
herc2,-0.00156794939377965,1.00124947005346,0.88867044,-3.1716,4.5744
smad1,0.000501739588824459,1.00124230576021,0.97955382,-2.7371,4.2913
mtor,0.0000563521349499213,1.00124124815519,0.97732992,-3.7609,5.293
cdc25a,-0.000103321033210332,1.0012392764506,0.85056762,-1.9507,4.4992
tg,0.00105867158671587,1.001234519426,0.89074608,-3.1276,10.2466
map3k4,-0.00202329994728519,1.00122203067551,0.98326032,-3.8656,3.4827
e2f2,-0.000510648392198207,1.00122123780307,1.02877614,-2.3664,4.623
hla-g,0.000753294675803902,1.00121696922974,0.87354792,-2.0232,6.3158
ugt2b7,0.00195940959409594,1.00121263656918,0.56902188,-1.0516,3.2844
jak2,0.00145872430152873,1.0012117844596,0.91046466,-2.5848,4.7195
stat1,-0.000198365840801266,1.00120956726701,1.12573818,-2.6254,2.8145
cir1,0.000177965208223511,1.001207308829,0.92173242,-4.2282,6.5631
nf1,0.000254348972061148,1.00119633494162,0.98474292,-2.9686,6.1786
abcb11,0.000993147074327887,1.00118546634609,0.90097602,-3.5582,5.4123
hsd17b8,0.000843015287295729,1.00118336088598,0.93418626,-3.2053,3.5314
tgfb1,0.000892988929889299,1.00117958968408,0.95286702,-3.8126,4.6105
mapk1,0.000156510279388509,1.00117689042915,0.9748095,-3.0698,4.2944
aph1b,0.00023911439114391,1.0011719196465,1.01498796,-2.9178,3.8819
casp6,0.00131497100685293,1.00117021986415,0.99319374,-3.3717,3.5192
plagl1,-0.000521085925144968,1.00116696575068,0.80297616,-2.0394,8.0695
rps6ka2,-0.0000288877174486031,1.001160057881,1.04538126,-3.1458,3.6411
dtx4,0.000265471797575121,1.00115861503145,0.94337838,-2.9105,5.9302
runx1,-0.00191539272535583,1.00115286625943,0.95449788,-4.977,3.7346
ahnak,-0.00137179757511861,1.00114825520151,0.86613492,-5.1982,3.329
st7,0.00129567738534528,1.00113681730015,0.87888528,-4.9827,4.5713
snw1,0.000367633104902479,1.00112777452978,0.92558718,-3.1802,4.4913
fas,-0.0000353716394306821,1.00111550060256,0.88036788,-2.079,7.9387
mmp23b,-0.000454454401686873,1.00111526044013,0.95301528,-4.337,4.66
hes4,0.0000697944122298378,1.00109741597707,0.8643558,-4.3159,3.2451
msh6,0.000937005798629415,1.0010948647817,0.89578692,-4.0556,5.4028
mecom,-0.00169051133368476,1.00107630781376,0.94871574,-2.6605,6.297
asxl2,0.00125134422772799,1.00107276413472,0.99971718,-5.2613,3.3535
jag2,-0.00131560358460728,1.00107114059003,0.98637378,-3.6459,3.7708
pdgfb,-0.001431418028466,1.00106325128514,0.86746926,-2.6355,4.4059
foxo3,-0.00131418028465999,1.00106140980286,0.9599835,-5.7543,4.1843
apaf1,0.00157859778597786,1.00106064493469,0.948864,-5.1098,4.0819
e2f3,0.000299261992619929,1.00104518474352,0.88644654,-2.885,4.4802
mdm2,0.00177227200843437,1.0010432436066,0.76769028,-2.0652,8.8992
kit,0.000919504480759093,1.00104068710815,0.96784128,-1.8781,5.3312
hsd17b7,0.00170548234053769,1.00104049523098,0.96354174,-2.7859,4.4556
cdk6,0.0000848708487084863,1.00103783904943,0.7902258,-2.2784,7.3807
mmp15,-0.000574380600948866,1.00103725919196,0.7702107,-1.847,5.3418
mapt,0.000330680021085925,1.00101471722469,1.17911178,-2.0151,2.3416
cyp3a43,-0.0016244069583553,1.00101458217858,0.98326032,-3.9217,5.5192
bmp6,0.00126531365313653,1.00100815919613,0.76190814,-2.9679,9.8593
cyp3a7,-0.000611860832894043,1.0009994777118,0.8250669,-3.5615,20.395
rassf1,-0.000412335266209806,1.0009967664012,0.97451298,-2.7567,4.5171
arrdc1,0.000835424354243542,1.00099315770483,0.8999382,-2.9047,5.6738
stmn2,-0.00139167105956774,1.00098757515051,0.7672455,-1.6692,9.4395
cxcl8,0.00112208750658935,1.00098675978878,0.7813302,-1.515,5.1642
hist1h2bc,0.00130311017395888,1.00098482726007,0.77658588,-1.4932,5.6318
bmf,-0.000562361623616236,1.00095968380008,0.90097602,-2.8814,5.6198
arid1b,-0.00110927780706378,1.00095967906414,0.96324522,-4.2093,4.4589
e2f1,-0.00014412229836584,1.00095570388386,0.97896078,-3.0598,4.2781
pten,-0.00142820242488139,1.0009528256769,0.88911522,-5.9328,3.2541
shank2,-0.000877069056404849,1.00094057645873,0.87503052,-2.2764,5.4489
mapk12,0.00169504480759094,1.00093815053632,0.82743906,-2.3899,5.5439
bcl2l1,-0.000354981549815498,1.0009304111326,0.94382316,-4.0838,3.7316
mmp14,0.000311544544016869,1.0009297645509,0.87740268,-2.6157,6.1998
map2k5,0.00142503953610965,1.00092285801165,0.91342986,-4.9194,10.9858
ccnd2,0.000199420137058512,1.00091937894538,0.97762644,-3.4762,5.8288
mapk8,0.0000473379019504473,1.00091144540607,0.9599835,-3.7149,4.9592
map3k5,0.000280917237743806,1.00091144315078,0.92158416,-2.7501,5.0053
rbpjl,0.00129235635213495,1.00090803627387,0.80712744,-2.6616,6.3272
fbxw7,-0.0011462836056932,1.00089191918531,0.92380806,-2.0713,4.7139
hdac1,0.00078845545598313,1.00088995909642,0.9214359,-5.9821,4.1961
mmp24,0.0000135477069056416,1.00087642326756,0.59793258,-1.8346,7.5013
erbb4,-0.000410542962572483,1.00087027131106,0.90453426,-2.6067,6.1581
pik3ca,0.00237738534528203,1.00086983826238,0.87013794,-2.3021,7.7692
akr1c3,0.000444965735371642,1.00086217030229,0.98326032,-2.3838,4.5041
tbx3,-0.00037464417501318,1.00086121661352,1.1126913,-2.1443,4.7173
chd1,0.000139694254085399,1.00085798061633,0.94841922,-2.9229,4.5072
smarcb1,-0.000230943595150237,1.00085592872297,0.94189578,-2.7253,6.9243
dll1,-0.00073120716921455,1.00085373218264,0.99245244,-2.5137,4.939
hsd17b14,0.00107754348972061,1.00085042648427,0.83366598,-2.2471,5.3771
gsk3b,-0.000355772272008434,1.0008481834357,0.95079138,-2.9365,3.4707
mapk3,0.000612809699525568,1.00084553483993,0.95464614,-3.1421,4.7229
epcam,0.00133763837638376,1.0008439492579,0.87117576,-2.1659,6.9539
adgra2,-0.0026934106483922,1.00083643517956,0.92321502,-2.5635,5.3695
zfyve9,0.0000653136531365327,1.00083123894012,0.95894568,-3.292,3.989
kdm3a,0.00160643120716921,1.00081311509743,0.96606216,-3.1329,5.3803
ros1,-0.00071987348444913,1.00080852940613,0.83663118,-3.3856,11.263
cul1,0.0010520295202952,1.00080330550801,0.83796552,-3.1794,5.6212
rad51d,0.000113705851344226,1.00078985114871,0.81646782,-2.9643,9.5233
casp8,0.00094190827622562,1.0007827057898,1.03307568,-2.4465,4.5385
rab25,0.00161918819188192,1.00078058471652,0.78177498,-6.3503,2.4719
setd2,-0.000711597258829731,1.00077466449516,0.91683984,-4.7542,2.6312
kdm5a,-0.0000913020558777013,1.00077318727913,0.896973,-4.3789,5.7061
mmp27,-0.000661570901423298,1.00076612459315,0.85738758,-2.9283,11.064
map2k4,0.000395624670532419,1.0007641868525,0.77940282,-3.1003,4.8046
tgfb3,-0.00108096995255667,1.00076400861035,1.02121488,-2.9964,2.4067
chek1,0.0015516078017923,1.00074782017089,0.9080925,-1.9498,4.0154
tsc1,0.0000076963626779124,1.00074248208898,0.993342,-3.2483,3.5917
mmp11,-0.0015074327886136,1.00073997527557,0.985929,-3.2487,2.0014
l1cam,0.00303584607274644,1.00073733207431,0.66850434,-2.122,7.1201
tp53,0.000108381655245125,1.00073339999069,0.9688791,-2.4812,4.2898
brca2,0.000181918819188193,1.00072411207395,0.98118468,-2.7835,3.7379
csf1r,-0.00278481813389563,1.00072288311946,0.9807399,-3.5381,3.6923
zfp36l1,0.0000929362150764346,1.00071361738602,1.01291232,-3.2109,2.816
map3k1,0.000743753294675805,1.00070936473746,1.01202276,-2.7804,3.421
npnt,-0.000692040063257776,1.00070820609174,1.1297412,-2.1219,4.0223
lama2,-0.00122503953610965,1.0007075947025,1.04656734,-2.2392,3.6904
hdac2,0.0008554032683184,1.00070698661637,0.96116958,-3.7861,3.7939
clrn2,0.00100342646283606,1.00070366107183,0.94130274,-3.0708,5.3658
ubr5,0.00135271481286241,1.00068459610937,0.9503466,-3.0048,4.3469
smarcd1,-0.000465946230890883,1.00067794873709,0.90868554,-7.2432,3.7661
pbrm1,0.00176989984185556,1.00067475794455,0.9807399,-3.4715,4.0692
slco1b3,-0.00081180811808118,1.00066308741374,0.8176539,-3.2487,14.8651
kdr,0.00148365840801265,1.00064837866685,0.96902736,-2.9221,5.4083
hes6,0.00107337901950448,1.00064305953617,1.01617404,-2.2021,4.9055
shbg,0.00152688455455983,1.00064086717862,0.87755094,-3.4672,7.2505
ccna1,-0.000221613073273589,1.00063499800213,0.41824146,-1.4456,10.6135
mlh1,0.000213178703215604,1.00063073247291,0.89934516,-6.4387,3.2935
maml1,-0.00121660516605166,1.00062846714715,0.9273663,-3.812,4.4105
hsd3b2,0.00131576172904586,1.00062810354432,0.96116958,-3.8209,8.5608
pdpk1,0.00203010015814444,1.00062606056187,0.96265218,-3.4833,3.5701
spry2,-0.000468160253031102,1.00062426924651,0.88629828,-2.4995,4.5871
cyp11a1,-0.00189773326304692,1.00062377483019,0.81661608,-2.4985,6.8484
ppp2cb,0.00114554559831313,1.00061904023659,0.90408948,-1.8795,6.056
acvr1b,0.00175060622034792,1.00061327891226,0.91417116,-5.4165,3.7081
mmp12,0.00015282024248814,1.00061265615728,0.4106802,-1.0982,5.9782
e2f8,0.00156188719030047,1.00060550142411,0.90527556,-3.1154,6.0699
mmp21,0.00136541908276226,1.00060521721247,0.9644313,-3.6719,3.7892
casp9,0.000120137058513443,1.00060454576716,0.956277,-3.5596,4.1732
rps6,0.000451713231418029,1.00060361270373,0.97955382,-3.7317,3.0628
wwox,-0.00144554559831313,1.00059819958729,0.62432286,-1.7385,5.6368
dll4,0.000306167633104902,1.00059707514669,0.93418626,-3.5154,4.1378
ccne1,-0.000208065366367947,1.00058775415718,0.70556934,-1.547,5.6441
tp53bp1,-0.00110511333684765,1.0005838447948,1.01395014,-3.8527,4.5349
ar,-0.000469372693726938,1.00058061686675,0.96947214,-2.2995,4.2629
ppp2r2a,-0.00049630996309963,1.00057763863995,1.01810142,-4.787,3.7501
slc19a1,0.00075719557195572,1.00057643245571,0.9599835,-2.6814,5.359
rfng,0.000346441750131788,1.00057333010792,0.90779598,-3.436,4.6054
msh2,0.00155513969425409,1.0005731387603,0.76368726,-2.074,9.5864
ush2a,-0.00291254612546126,1.00056760318583,0.87636486,-3.3763,15.3011
hey1,0.000899420137058514,1.00056540408036,0.80935134,-2.5954,7.1756
prps2,0.00187037427517132,1.00056378689365,0.9080925,-4.0601,4.6392
mmp26,0.000684132841328412,1.00055713598973,0.7146132,-2.2387,11.7007
bmp10,-0.00157680548234054,1.00054954262472,0.9496053,-3.1829,4.0663
psen2,0.00168181338956247,1.00054707717358,0.98459466,-3.4305,3.7814
mmp17,-0.00187480231945177,1.00053911759688,0.96324522,-3.8591,5.4164
nrip1,0.00261987348444913,1.00050359641283,0.95049486,-3.527,3.2006
cdk2,0.00104022140221402,1.00048406408073,0.94486098,-4.217,5.5916
dnah11,-0.000943911439114392,1.00046570939287,0.67858602,-2.3076,15.1319
chek2,0.00156715867158672,1.0004610397138,0.94308186,-2.6887,4.5382
e2f4,-0.000731365313653133,1.00045484408052,1.0489395,-2.7194,4.072
frmd3,0.0000823932525039538,1.0004546468306,0.64181754,-1.5076,5.6299
akr1c4,-0.00066483921982077,1.0004381938572,0.83366598,-1.5374,5.4401
cdkn1a,-0.00122551396942541,1.00043673762726,0.9066099,-3.0976,7.0031
cdk1,0.00170500790722193,1.0004314171196,1.02877614,-2.4035,4.6134
afdn,-0.000179704797047972,1.00043023244175,0.97466124,-3.6358,5.5151
taf1,0.000904006325777544,1.00042569454755,0.94500924,-3.2287,3.733
myh9,0.0000313653136531369,1.00042518861675,0.94471272,-4.1398,4.2114
ep300,0.00121692145492883,1.00042247902758,0.99541764,-4.3758,3.3097
ncoa3,-0.000854454401686875,1.0004163717152,0.9851877,-2.8375,4.5451
rps6kb2,-0.00102883500263574,1.00041387657164,0.94056144,-2.7935,4.6172
dtwd2,0.00186705324196099,1.00040994488368,0.91090944,-2.6441,6.3772
gata3,-0.000376910911966263,1.00039648700259,0.7724346,-2.8126,2.2028
fn1,-0.000311386399578283,1.00037525955692,0.88718784,-1.977,5.8805
izumo1r,0.00164217185028993,1.00037313915106,0.96087306,-3.0802,4.253
wfdc2,-0.000420769636267791,1.00036718408626,0.84404418,-1.9816,6.5263
ncstn,0.000556510279388507,1.00035655120411,0.96932388,-4.9158,3.41
akt1s1,-0.000855192409066947,1.0003498421732,0.79111536,-2.3276,7.4782
gh1,0.000215972588297312,1.00034145111644,0.82388082,-3.479,14.9228
dnah5,-0.00212208750658935,1.00034014663445,0.95968698,-3.2482,6.5357
cyb5a,0.000373748023194519,1.00033028919204,0.95316354,-3.787,2.5156
tgfbr1,-0.00200875065893516,1.00032033735621,0.97065822,-3.2365,3.732
casp10,-0.000844438587243016,1.00031492399367,1.04182302,-2.9068,4.4562
twist1,0.000371217712177123,1.00030686077385,0.80490354,-2.1429,7.9391
smarcc2,-0.000145282024248815,1.00030527875589,0.93270366,-4.8449,4.1651
e2f6,0.000406642066420664,1.00030516283558,0.92692152,-3.8688,4.7854
cdk8,0.00210585134422773,1.00030327238452,0.90082776,-2.845,4.772
ddc,-0.000641170268845545,1.00030198185459,0.29399958,-1.1753,10.6576
rad51,0.0014248286768582,1.00030142470358,0.93878232,-2.5542,5.8644
casp7,0.000251133368476542,1.00029713789042,1.04864298,-2.3015,5.3078
casp3,0.00135292567211386,1.00029068967651,0.95346006,-3.6361,6.0239
prkcz,-0.000956352134949922,1.00027202638847,0.8828883,-4.1726,5.307
myo3a,0.00114765419082762,1.00026548259495,0.82906992,-3.1453,12.1496
kmt2c,0.00008539799683711,1.00026207010729,0.9103164,-2.0533,4.677
psen1,-0.00106910911966263,1.00025786536291,1.07518152,-2.25,3.6198
siah1,0.00144876120189773,1.00025609295176,0.96635868,-3.6575,5.5617
sik1,0.00135229309435952,1.0002551414157,0.91639506,-2.2929,4.4374
thada,-0.00116389035318925,1.00024151822806,0.94234056,-4.64,4.1472
kmt2d,-0.00133700579862941,1.00023450964981,0.96161436,-4.0081,4.636
akap9,0.00146636794939378,1.00022545251656,0.97436472,-2.8137,4.5472
acvrl1,-0.00234818133895625,1.000215182728,0.95449788,-2.4199,4.122
tgfbr3,-0.00316062203479178,1.00020968425794,1.0978653,-2.1243,3.3077
mapk9,0.000887875593041647,1.00020860738208,0.85753584,-4.8349,4.2322
bmpr1b,-0.00129114391143911,1.00020483623393,0.66672522,-1.1697,2.6559
cdkn2b,0.000840221402214023,1.00020462600005,0.96324522,-3.0469,4.6144
maml3,0.00063974696889826,1.00017627381057,0.8272908,-2.4445,7.2613
mdc1,0.00164343700579863,1.00017341256446,0.90527556,-3.6045,5.867
ptk2,0.00087011070110701,1.00016836063096,0.911799,-3.5874,3.8126
rictor,0.0018566684238271,1.00016496550135,0.98414988,-3.9097,4.3802
pdgfra,-0.000428518713758566,1.00015526781598,1.0192875,-2.6879,4.1195
ccnd1,-0.00148086452293094,1.00014858437152,0.92618022,-4.0778,2.3565
ptprd,0.000121613073273589,1.00013788347241,0.89563866,-1.8216,6.3058
tubb4b,-0.00226837111228255,1.00013635314122,0.97466124,-3.6677,5.2716
nf2,0.00063468634686347,1.0001287438005,0.98637378,-3.9781,4.4484
pdgfrb,-0.00241507643647865,1.00011665361496,0.993342,-4.7141,2.6951
acvr1,0.00133352662098049,1.00010546849614,0.95716656,-3.6377,4.8942
arl11,-0.0000923036373220864,1.0000945718012,0.93818928,-3.1285,7.3232
map2k3,-0.00124781233526621,1.00008681975791,0.88021962,-2.9632,8.0923
arid2,0.00103679493937797,1.00008480362245,0.95953872,-3.5379,3.8784
ncoa2,0.00213347390616763,1.00008091793511,0.95820438,-2.4497,5.5566
maml2,0.000188033737480231,1.00007247610208,0.8102409,-2.4091,7.6897
cdkn1b,0.00248265682656827,1.00006234598882,0.98563248,-2.664,3.9828
rbpj,-0.000124037954665263,1.00006030425867,0.98830116,-2.8502,3.5124
gps2,-0.00188845545598313,1.00005683026205,0.95360832,-4.5543,5.1678
hif1a,0.000824459673168162,1.0000505637019,1.06880634,-2.2669,3.6654
rbl2,0.00179615181866104,1.00004761382477,0.87814398,-4.6621,5.4659
dtx3,-0.00122498682129679,1.00004031179709,0.91313334,-3.1155,10.5253
nr3c1,0.00211344227727992,1.00003436236511,0.9585009,-2.4778,6.1224
mapk7,-0.000935898787559304,1.00003063876726,0.88896696,-2.9241,6.6266
akr1c2,-0.000897680548234054,1.00003026979762,0.88466742,-1.4675,4.4172
prkd1,-0.000488191881918821,1.00001975437121,1.01098494,-2.4195,3.7757
gdf11,-0.00114127569847127,0.999988168753353,0.80030748,-2.8462,5.457
cyp3a4,0.000708012651555089,0.999979030781783,0.95761134,-3.1144,4.3695
heyl,-0.00338687401159726,0.999969988126427,1.0022376,-2.9563,5.1303
dab2,-0.00313479177648919,0.99996211142984,0.99156288,-3.2213,2.8666
hes7,0.00141623616236162,0.999953228689959,0.97243734,-2.7296,4.0565
hsd17b11,0.000499420137058514,0.999924759629718,0.97065822,-2.7183,3.5143
smarcc1,0.00161897733263047,0.999919987262276,0.95449788,-3.5684,3.43
fam20c,-0.00339293621507644,0.999901033785688,0.96709998,-2.9294,4.078
mmp2,-0.000575645756457564,0.999889886552186,0.92706978,-2.7041,5.3777
pde4dip,-0.000512598840274116,0.999858540777578,0.9029034,-2.5342,9.1314
ackr3,-0.000173537163943068,0.999848213430726,0.93003498,-2.5427,4.5723
dph1,-0.000105376910911969,0.999843720938522,0.96754476,-3.7927,4.8379
nt5e,-0.000529994728518714,0.999843086339711,0.84241332,-2.0368,8.7395
cdkn2c,-0.00141228255139694,0.999839724308757,0.74441346,-2.0048,7.1809
mmp9,-0.00125313653136531,0.99983613124225,1.01958402,-2.5353,3.6321
gpr32,-0.00137453874538745,0.999814412172097,0.97169604,-3.232,7.0746
hsd3b7,-0.00127316816025303,0.999791789322115,0.91654332,-3.5461,4.8486
klrg1,-0.000292936215076435,0.999791217847767,0.83900334,-1.8395,6.1262
nras,0.000972535582498683,0.999784355509039,0.91239204,-2.9766,5.7224
bmp2,-0.000930996309963099,0.999772418459181,0.53432904,-1.5713,11.5429
dll3,-0.000706431207169216,0.999768165278636,0.44270436,-1.2316,8.8929
ncor2,-0.0012078545071165,0.99976379360458,0.99126636,-4.4539,3.7667
itch,0.000795202952029521,0.999759877274532,0.93047976,-3.2882,6.7771
birc6,-0.000623563521349499,0.999733472624171,0.98133294,-3.7095,3.6815
syne1,-0.00220595677385345,0.999717021977196,0.85308804,-2.3423,5.4579
lamb3,-0.000418028465998946,0.999689454693102,0.94337838,-1.6904,4.1032
gdf2,0.00317364259356879,0.999687841658894,0.97273386,-2.9622,5.2344
tsc2,-0.000988929889298891,0.999686580822903,0.95005008,-4.1418,4.0008
nrarp,0.0021719557195572,0.999662540483546,0.93715146,-3.4967,6.0289
smad6,-0.00192156035846073,0.999632158186965,0.95301528,-3.327,5.3038
or6a2,0.00169715340010543,0.99961857853115,0.98400162,-3.5815,4.6691
mmp19,0.00236215076436479,0.999614586018756,0.88570524,-2.1452,10.2828
asxl1,-0.000919820769636268,0.999611024400347,0.94041318,-3.5513,5.1967
smad3,-0.000168107538218239,0.999609970842771,0.94337838,-3.0316,5.8244
hsd17b13,-0.00110079072219294,0.999586521856734,0.89296998,-3.1406,8.8731
spaca1,0.00184364786505008,0.999580501690425,0.9332967,-3.6003,5.4128
inhba,0.00161375856615709,0.999568538695599,0.96472782,-4.2577,4.1527
usp9x,0.00228824459673168,0.999567239942661,0.87799572,-5.337,4.4172
akt2,-0.000782076963626779,0.999552632908826,0.88333308,-2.6804,4.5668
mmp7,0.0015913020558777,0.999543728884727,0.96265218,-2.1616,3.1068
erbb3,0.00135687928307855,0.999532691785337,0.87147228,-5.283,2.2761
sptbn1,-0.0023409594095941,0.999525084676941,0.91609854,-3.1484,5.0801
nbn,0.00149119662625198,0.999511386019272,0.96769302,-3.6898,5.3713
abcc1,0.00334280442804428,0.999510670986437,0.88555698,-2.401,5.3473
mmp25,0.00104986821296784,0.999497944672352,0.7442652,-1.4892,5.7074
col12a1,-0.00102567211386399,0.999477765185972,1.0949001,-2.843,2.6088
mmp28,-0.00159683711122826,0.999461224575981,0.92410458,-2.4303,7.9157
hras,-0.00134312071692145,0.999389677168825,0.94248882,-2.8574,5.0436
hsd17b6,-0.0000945703742751726,0.99938870425424,0.99912414,-2.3004,4.1236
folr2,-0.00136831839746969,0.999385150939687,0.99126636,-2.0178,4.4025
sbno1,0.00365993674222457,0.999358423323437,0.94945704,-3.4319,4.7782
bmpr1a,0.00227796520822351,0.999346019714742,0.85975974,-4.1234,7.2683
sdc4,-0.000555350553505536,0.999313490171799,0.95820438,-3.9775,3.6458
map2k1,0.00199852398523985,0.999299101785368,0.84552678,-4.5878,3.9212
foxo1,-0.000643384290985763,0.999265070640756,0.95731482,-2.9213,4.6032
cyp11b2,0.0000000527148128642228,0.999261222544335,0.93225888,-4.086,4.1805
eif4e,0.0020454401686874,0.999247620808519,0.93566886,-2.4828,4.6042
stat3,0.00172308908803374,0.999247262439047,0.89267346,-4.9012,4.237
palld,-0.000357564575645757,0.999247168091983,0.93967188,-5.3133,3.0557
ccnd3,-0.000908803373748024,0.999244616217444,0.9525705,-3.399,4.7764
col6a3,-0.00161707959936742,0.999236733339275,0.96769302,-5.148,2.2869
ldlrap1,-0.0010248286768582,0.999232509123542,0.9281076,-2.6758,5.4851
igf1,-0.000701897733263046,0.999229042150914,0.66687348,-1.6046,7.4657
abcc10,-0.00186404849762783,0.999226874120283,0.85338456,-2.7668,5.6849
itgb3,0.00129077490774908,0.999214550365807,0.73566612,-3.9635,15.3308
rb1,0.00199636267791249,0.999211375329051,0.94797444,-2.7309,3.4069
ctbp1,-0.00268007380073801,0.999199265067582,0.92973846,-4.4151,4.8612
map2k2,-0.00166752767527675,0.999176541780987,0.956277,-3.3298,3.4905
ran,0.00129478123352662,0.999171123823475,0.91817418,-4.3075,4.8044
map4,-0.00232904586188719,0.999161435458967,0.77184156,-2.4981,6.326
mlst8,-0.000751027938850817,0.999154372436044,0.97836774,-2.9015,3.9663
dtx2,-0.00198608328940433,0.999152449513845,0.8991969,-4.5026,4.0397
mmp10,-0.000686030574591461,0.999109068315465,0.52736082,-1.1782,7.8618
ctcf,0.00166905640484976,0.999083075730853,0.90186558,-5.4334,8.0724
rps6ka1,-0.00171845018450185,0.999033510172928,0.95968698,-2.8173,4.1493
adam17,0.00256436478650501,0.998996334854262,0.79556316,-3.3258,6.9938
bmp4,-0.00084934106483922,0.998978393783173,1.12840686,-2.0254,3.7534
pik3r1,-0.00150479704797048,0.998969099937496,1.01424666,-2.9574,3.4027
smad4,0.00131855561412757,0.998945930594066,0.82477038,-4.828,3.4052
star,-0.00333879810226674,0.998941970087106,0.91417116,-2.9817,12.7423
pms2,0.00241222983658408,0.998940790962228,0.92781108,-3.032,6.2231
palb2,0.00280964681075382,0.998934062509272,0.97792296,-4.3846,4.615
sf3b1,0.00241649973642594,0.998903202534948,0.99467634,-3.3717,2.9541
dlec1,-0.00213995782814971,0.998799002207002,0.66331524,-1.8923,7.5314
cdk4,0.00258086452293094,0.998784487988741,0.7968975,-4.5247,8.3126
src,-0.000882920400632577,0.998761502541617,0.9903768,-3.2506,3.8812
large1,-0.00171291512915129,0.99867888830071,0.87532704,-3.6367,4.2587
mapk6,0.00257000527148129,0.998650731293755,0.8717688,-3.864,7.3941
pdgfa,-0.00159936742224565,0.998637544425768,0.8776992,-2.7617,5.8732
foxp1,-0.00315898787559304,0.998582967673526,0.8977143,-2.8587,5.8536
bap1,-0.00268144438587243,0.998579844217712,0.85427412,-5.5759,3.8722
hsd17b12,0.00238402741170269,0.998576651128138,0.9051273,-5.5031,3.8358
pik3r3,-0.00211175540326832,0.998575438267594,0.91891548,-2.9712,4.5904
e2f5,0.0020284659989457,0.998522333547033,0.86168712,-2.8457,5.1911
bmpr2,0.000494254085397997,0.998473765907958,0.94308186,-4.8311,3.0542
smad7,0.000640959409594098,0.998416573027047,0.91090944,-4.0489,4.5544
tgfb2,-0.00180242488139167,0.998415901589543,0.6760656,-1.8491,5.3033
nfkb2,-0.00125150237216658,0.99841356260456,0.81676434,-2.4935,5.8923
fanca,-0.000121244069583552,0.998341617820419,0.9659139,-3.8734,4.5736
kras,0.00315292567211386,0.998281398982238,0.85293978,-3.1399,11.2481
jag1,-0.00351101739588824,0.998262305039265,0.94841922,-3.0058,7.0501
hsd17b1,-0.00263410648392198,0.998259932385965,0.61053468,-1.4139,5.4437
setd1a,-0.000964470216130734,0.998239255412797,0.90794424,-3.9911,4.7289
adam10,0.00247933579335793,0.998233690114242,0.90349644,-3.326,4.6551
rad50,-0.00114027411702688,0.998173810274789,0.96176262,-3.3854,5.1668
jak1,0.000967316816025303,0.998172369142652,0.85946322,-3.6174,3.1814
ttyh1,-0.000492830785450711,0.998162944000417,0.32706156,-0.916,6.4123
notch2,0.00296225619399051,0.998153408324261,0.8784405,-3.7797,7.2538
cyp21a2,-0.00240817079599367,0.99805272640543,1.04864298,-1.6531,4.2531
tgfbr2,-0.0000255666842382718,0.998036553015505,0.90275514,-4.2608,2.5634
stat5a,-0.00190131787032156,0.998035385959842,0.96191088,-3.2422,4.7467
dnah2,-0.0014702688455456,0.997988307914343,0.8910426,-1.6609,5.6279
itgav,0.0019598840274117,0.99794873516398,0.8702862,-5.0614,3.1603
rptor,-0.00131507643647865,0.997939498461223,0.85412586,-2.5611,6.1718
arid1a,0.00187648919346336,0.997930608464246,0.90156906,-5.0427,2.5535
bmp3,-0.00032377438060095,0.997917153099548,0.88570524,-2.6961,13.6356
cbfb,0.00143368476541908,0.997882882233592,0.919212,-4.9826,3.2538
myc,0.00202298365840801,0.997654592765022,1.01454318,-2.9349,3.3525
acvr1c,-0.00238350026357406,0.997619291903921,0.92988672,-3.2574,8.7014
fgf1,0.00135851344227728,0.997588431293982,0.86835882,-2.2053,5.8237
map3k10,-0.00109583552978387,0.997568624955878,0.94649184,-3.641,3.911
opcml,0.0014475487612019,0.99756668227015,0.92113938,-2.7886,5.6511
arid5b,0.00152409066947812,0.997485941307466,0.89934516,-4.5584,2.7737
tnk2,-0.0027983131259884,0.997476673831988,0.9807399,-3.8333,3.9388
rdh5,-0.00391913547706906,0.997451462609222,0.79897314,-1.759,8.4686
tubb1,-0.00253510806536637,0.997426673663981,0.83707596,-2.7443,8.4721
dtx1,-0.00339325250395361,0.99741007678009,0.80757222,-2.187,9.8418
srd5a2,-0.00413463363205061,0.997364370011715,0.83307294,-3.3648,10.2703
mmp16,-0.0014904586188719,0.997359264385688,0.93136932,-3.0593,5.244
mmp13,-0.00140774907749078,0.997326471400918,0.6708765,-1.3553,5.3523
rasgef1b,0.000483605693199789,0.997274981969627,0.9555357,-4.1326,4.1822
sgcd,-0.00130047443331576,0.997056402418742,0.95790786,-2.0958,5.924
rheb,0.00349478123352662,0.996878053607833,0.75790512,-5.1559,3.3499
cyp17a1,-0.00383025830258302,0.996869043255135,0.91120596,-2.8521,6.5345
numbl,-0.00175260938323669,0.996684409529489,0.86613492,-2.7227,5.5721
bbc3,-0.00036151818661044,0.996544124086052,0.95672178,-3.3638,3.7624
taf4b,-0.00121502372166579,0.99647245699174,0.6656874,-2.0006,10.3325
cacna2d3,-0.00293932525039536,0.996274110208691,0.63203238,-1.8355,6.5529
kdm6a,0.00355492883500264,0.996232296020983,0.83336946,-4.8083,4.4678
ryr2,-0.00159620453347391,0.996014461775407,0.65694006,-2.27,10.4181
acvr2b,-0.00117564575645757,0.995822032916525,0.79363578,-2.5179,6.4288
cyp19a1,-0.00207480231945177,0.995714254805761,0.9429336,-3.9992,3.883
nr1i2,-0.00249335793357934,0.995626994714154,0.9310728,-3.6693,4.5592
ctnna1,0.00212377438060095,0.995380670305281,0.91001988,-6.188,2.9347
prkg1,-0.00356441750131787,0.994970291583124,0.9570183,-4.0392,5.1692
mapk4,-0.00221043753294676,0.994967172187436,0.49118538,-1.5154,8.6994
stk11,-0.00352783342119136,0.99493262785564,0.89385954,-3.0602,4.4489
akt3,-0.00439135477069056,0.994855037326755,0.95953872,-3.6931,4.1713
agtr2,-0.000415129151291514,0.994632331842427,0.94323012,-3.2534,4.7434
hsd17b3,-0.00299694254085398,0.994546482936119,0.84523026,-2.7959,8.2924
hdac9,-0.00259583552978387,0.993877954381332,0.92425284,-2.924,4.3882
apc,-0.00371729045861887,0.993632266680508,0.94767792,-3.7255,4.3343
thsd7a,-0.00246399578281497,0.991181728359864,0.8502711,-3.1312,5.8445
fgf2,-0.00401560358460727,0.990902754433421,0.60534558,-2.1487,8.2865
cxcr1,-0.00340300474433316,0.990557691972019,0.93641016,-3.1776,5.2766
inha,-0.00279109119662625,0.989381464890729,0.63143934,-2.0469,14.4243
