gene,MeanDecreaseAccuracy,MeanDecreaseGini,posicao
gata3,15.6051383711542,33.7118374629437,1
aurka,14.7091146406207,30.1825806239052,2
egfr,18.2256337685419,29.7194501907996,3
cdk1,15.1413130724679,25.4812718402585,4
cdc25a,12.5431669542238,20.9584845477787,5
mapt,11.618448532922,20.4131919596439,6
chek1,11.5197736006851,18.3086317251416,7
igf1r,12.118431377098,16.7100201171687,8
bcl2,12.218421095978,16.4301498032081,9
e2f2,11.1562335738661,16.2906476555412,10
ccne1,10.816174868763,16.2478131548966,11
tgfbr2,14.6823552511655,14.089770227946,12
erbb3,12.1717977106007,14.0262980498166,13
ccnb1,12.0906086745835,13.9145461994848,14
e2f7,10.4989538489095,12.1490453458685,15
erbb2,13.387112297697,11.7991742261662,16
ar,9.61476234180003,11.5048468391836,17
fancd2,9.19037771072354,11.267818319919,18
mmp7,10.0189394050172,10.8089936087076,19
aph1b,7.85465338752868,10.5262217626095,20
lamb3,10.9165637809086,10.4953928321568,21
rad51,9.4906554046385,10.1298211259482,22
ttyh1,11.7167596328697,9.95086270348616,23
cdk6,8.81738546424275,9.93336580157765,24
folr2,12.3855396836437,9.7587462104121,25
csf1r,11.8118003393627,9.40658791668305,26
hsd17b2,9.90072126490077,9.32050025184716,27
notch1,8.99464431420136,8.79996029405198,28
kit,10.2627245229561,8.65998362360457,29
ccnd2,11.4859373446007,8.34669599703216,30
tgfb3,10.0056521767625,8.32743313472864,31
adgra2,8.17474576594138,7.94658683297078,32
npnt,7.64445100614786,7.94620507676165,33
abcb1,10.1095164360218,7.87196394185422,34
acvrl1,9.75219197645794,7.82771313018763,35
lama2,8.81686482259109,7.57177872739647,36
rab25,9.80203425506418,7.23754262736497,37
plagl1,10.165050508601,7.16509276150461,38
hsd17b4,8.61664401115734,6.8877249791037,39
e2f3,6.91055401659209,6.83461689325642,40
klrg1,9.34642434559556,6.818338623294,41
nr2f1,8.51406687884351,6.74257552945856,42
brca1,8.42030523358995,6.38101034208842,43
cdkn2a,6.31875298033484,6.36035922022736,44
folr1,8.29942762384653,6.288122493073,45
srd5a1,8.8564485954025,6.23678671966819,46
map2,6.95338928770675,6.19024225564449,47
frmd3,8.90451106377352,6.18853798071335,48
cyp21a2,6.69771653430254,6.15280408674729,49
lfng,8.85662150727434,6.11578253002215,50
cyb5a,8.46257375701951,6.04431812602739,51
hsd17b11,10.3212429120108,5.69644205819935,52
foxo1,7.66587584809692,5.6796939695584,53
mapk1,7.35917134327997,5.61079427553344,54
spry2,7.30915155085287,5.06932967435155,55
rbpj,7.4078309445347,4.97558664989214,56
e2f4,6.39036561916591,4.73689687840033,57
bmp2,7.33141838840335,4.65133673175716,58
cdk2,6.14731724343745,4.59343371676827,59
mmp15,7.20748455565783,4.49478298081602,60
bmpr1b,6.98937853204444,4.40809241828343,61
rps6ka2,6.0221733931873,4.37256392949388,62
tgfbr3,6.90856355282103,4.35163649427316,63
nrip1,6.99456480285363,4.33255004879531,64
myc,7.86663948079988,4.21217068795701,65
nt5e,6.98129267456855,4.20999621439751,66
msh6,5.19210241440456,4.19123087419561,67
cbfb,5.81298129148188,4.18788815136022,68
ccnd1,6.84645727201489,4.17621129578624,69
rad51c,6.23780943365939,4.15012934466814,70
arrdc1,8.40305883066442,4.065000931617,71
hes6,5.93254374624603,4.03709972964165,72
nr3c1,5.29620673346032,4.00551191079918,73
nras,5.97252190142152,3.89231758146048,74
acvr1b,7.73946641991117,3.82259949568856,75
ahnak,5.67423520567724,3.73382180980175,76
runx1,6.80353040058459,3.70744999307121,77
stat5b,6.77353760823982,3.68330886063765,78
dtx2,6.76685161125954,3.63015430881445,79
pik3r1,5.24368537675601,3.62569244952113,80
smad4,6.16312140022257,3.61673779615847,81
ncoa3,5.48111214943843,3.58842371242463,82
akt1,5.61779413578483,3.55854069654679,83
map2k1,7.18553204441623,3.55581936663082,84
dab2,6.61133191895561,3.5268011103564,85
mmp12,4.67132409051946,3.34245664569096,86
map3k5,6.5588829572371,3.31185846042123,87
sox9,5.4755962989569,3.30172294341689,88
arid5b,5.72946267686176,3.29397930704733,89
dtx3,5.85802908050579,3.28474527584726,90
mmp9,4.99732572370296,3.28000004952961,91
diras3,5.39830039089984,3.26100444213727,92
map2k3,5.99906037991219,3.25614140260916,93
bmp4,5.30837550459094,3.25443435954652,94
slc19a1,5.0736774373988,3.22849843849942,95
igf1,6.40287070485498,3.10562101551269,96
hsd17b8,5.82350880215244,3.07817930809595,97
pdgfra,5.37456921294713,3.01823213207785,98
ccnd3,5.20255524624288,2.9924348293638,99
serpini1,4.20527333684053,2.9790902423253,100
stat1,5.07765909503641,2.93475063254652,101
ctnna1,5.19301835932619,2.93403116232283,102
gsk3b,5.13073032614029,2.89453435616802,103
prkcz,5.54551063414953,2.85079750580927,104
abcc10,4.25736821941616,2.83356132098263,105
stat5a,5.13321882302741,2.82333181051411,106
bcl2l1,6.94543919750929,2.82249861709847,107
mmp1,4.76189965741985,2.79779975618079,108
twist1,5.14080623277561,2.79035996983077,109
fam20c,5.38525739459987,2.78793005812924,110
ugt2b7,4.80105958722097,2.77697402886349,111
rheb,5.46285700164327,2.77491124127282,112
braf,5.67392753869093,2.75199613573233,113
mtap,4.53713153287362,2.74340938092883,114
vegfa,6.47560674955783,2.72739074587354,115
jak2,4.29568580071621,2.71147217626254,116
met,4.96954951298018,2.69900339897579,117
foxo3,6.32443239271356,2.6865748524771,118
akr1c3,2.89873442285872,2.65432839597332,119
pdgfrb,5.06633943453815,2.6429789162486,120
rbl1,4.48690035882113,2.64203321842391,121
psen2,4.78245956977343,2.6320176930589,122
rps6kb1,5.63552341847297,2.59664556052309,123
cyp11a1,5.05704127711692,2.59072641111268,124
sdc4,4.43304089472555,2.58976790638278,125
jag1,4.90935051570404,2.5526503657398,126
arid2,2.16738232924721,2.54480511228948,127
e2f8,2.61682668751396,2.53859957048716,128
ptpn22,4.47576372259534,2.53184133658297,129
ppp2r2a,5.00515343425402,2.50871836505757,130
chek2,5.04356577809669,2.50461530939162,131
cxcl8,4.39773767727648,2.50377109218822,132
dll1,3.33335055838983,2.50197292923453,133
fgf2,3.76821513542908,2.49948661815327,134
tp53bp1,4.47393767462819,2.49066620665831,135
cdkn2c,4.3673830356696,2.45533053676827,136
map2k4,3.23770995982723,2.44678836640435,137
flt3,4.79416695358367,2.43880481225582,138
rpgr,5.89428303468007,2.41861701485137,139
tbx3,4.35932797415786,2.41662799474056,140
nfkb1,2.63787457450977,2.40976063271971,141
bad,4.91573675865781,2.40288692154581,142
hes1,3.87979337271138,2.39700035739516,143
fas,5.50437209424238,2.38534148698434,144
rdh5,2.74258252341022,2.35021307706069,145
col6a3,4.90599032594997,2.34790984102592,146
psenen,4.79927019465639,2.34529373533917,147
cdh1,3.77770056365553,2.33457471580832,148
maml2,4.70688174002215,2.31438745902377,149
mmp11,2.90651771195343,2.31031717464444,150
tubb4b,4.80860364702455,2.30095183657865,151
muc16,4.93102318742688,2.28990338732671,152
e2f5,4.13636854519099,2.28602691264884,153
smad7,3.12681373705034,2.27989960541763,154
mmp2,4.29541684779128,2.27787479823319,155
shank2,2.8416821909371,2.27614895635701,156
hsd17b6,4.8006942163741,2.27264908105854,157
peg3,5.49760879579144,2.271551705235,158
prkcq,4.90001605278326,2.25449230981444,159
ddc,3.05707356713097,2.25331379475007,160
ran,4.59907231644019,2.25142806782168,161
hsd17b7,3.27147851473047,2.24269797395507,162
hey2,4.97831618312167,2.23812615953092,163
hdac2,4.12662234322858,2.2214238497339,164
ackr3,4.81468486044129,2.20789906776929,165
akr1c2,3.91683142193371,2.20676802955399,166
ldlrap1,4.1203781342628,2.19396360418106,167
mapk9,2.50228361437323,2.18290594655323,168
adam17,4.42169331315154,2.18089846633021,169
hsd17b10,5.91226083235783,2.17367387249726,170
notch3,5.56729512384703,2.1668724597082,171
rps6ka1,4.11903971053831,2.15538944480335,172
alk,4.46564995475004,2.15399131221221,173
mdm2,2.89596084159937,2.15150852151488,174
pde4dip,4.28671229344412,2.13599324154857,175
pik3r2,2.42999629962212,2.13294072183593,176
nrarp,5.20387722714037,2.13264224394368,177
rps6kb2,4.48955090421184,2.11936016599893,178
rb1,3.78945056761838,2.11096923678207,179
stat3,5.50203611847444,2.10272598388582,180
msh2,3.86655100816333,2.0983815673448,181
stab2,2.43725428748507,2.09778575285771,182
bmp6,4.60731800518377,2.08864477091242,183
chd1,2.92919928893595,2.08855457387375,184
cacna2d3,3.19554073560188,2.07573544076699,185
hras,4.97517712908805,2.07292959282054,186
bard1,2.39137882103633,2.06912845875442,187
mmp10,1.34777977773925,2.06709189188879,188
casp3,4.58999440448144,2.02077897867439,189
map3k3,4.46063845234415,1.99763894649177,190
map3k13,1.96923483444524,1.99565159829746,191
map3k1,3.53631191846594,1.99065264502267,192
sbno1,2.31385317726482,1.98243969218469,193
setdb1,3.66325309297121,1.98018994371227,194
cdk4,4.53438289317732,1.97515537032887,195
eif4ebp1,3.36095169302675,1.9737796562449,196
bmp7,2.87276870741321,1.97241222246815,197
pms2,4.181123415184,1.96974148594852,198
cdkn1b,3.3047328543931,1.96784851189586,199
pdgfb,2.61223603918794,1.96351658628743,200
pdgfa,2.69514165897006,1.96283342051807,201
cdk8,6.33334429761526,1.95880458963782,202
st7,3.63777984940295,1.95561523019556,203
mmp3,1.94826519444087,1.94125799700084,204
stat2,4.57711186735775,1.92651569436928,205
prps2,2.67238489741493,1.92471598591669,206
setd2,2.65481715373621,1.9181260923663,207
hes4,5.32014308508524,1.91084706660853,208
akr1c4,4.86383508164748,1.90984129270652,209
prkd1,4.86845864196235,1.8978814126959,210
srd5a3,2.03835617517392,1.89078942245773,211
thada,2.0501404046841,1.8850091074785,212
col22a1,2.25473752544266,1.88475900670531,213
dll3,3.23577040991923,1.88101750691587,214
sgcd,3.64772189803341,1.86483923112767,215
casp6,3.90736247427765,1.86260294056981,216
akt1s1,4.21070807869081,1.8589812224858,217
sptbn1,1.98309566421721,1.85855656009009,218
setd1a,2.58795534567353,1.85849772687867,219
hla-g,4.11969630209814,1.8580504185683,220
mlst8,4.38590641729545,1.85753192989944,221
lifr,2.4351794123087,1.85454905092214,222
jag2,4.06452570518049,1.85376914104357,223
ncstn,4.44364236766949,1.84966324550908,224
col12a1,3.36785915058445,1.84515180769922,225
fn1,2.20167105758023,1.84485190105091,226
terc,4.43147096272467,1.84179396350236,227
fgf1,2.70032998901114,1.84075967367331,228
pten,3.0088950887746,1.83938420802385,229
hist1h2bc,2.31689676755573,1.83521110864045,230
jak1,3.30779385455477,1.83494438164018,231
smarcc1,2.19301140516879,1.83380818979722,232
ctbp2,4.51390428979025,1.8335994322357,233
ccna1,3.90781849864223,1.83286159363614,234
mecom,1.18194287862128,1.82917985283182,235
hif1a,4.44688205727611,1.82789089965104,236
cdkn2b,4.22752445298772,1.82509095547393,237
dnah2,2.86518076800397,1.82467133954854,238
mmp13,2.83549045513109,1.82411051611272,239
mapk3,3.04353012958033,1.82036165589082,240
bmpr1a,1.98449052961693,1.81955014626487,241
spen,3.23489633914803,1.81383669522083,242
ncor1,2.46167201863673,1.8045152315683,243
cyp3a4,2.46347764720123,1.79809227942168,244
tgfbr1,2.8553072313669,1.79801066946541,245
sik1,1.74598604011582,1.79695992391432,246
smad1,1.6912000600443,1.79511956757547,247
eif4e,3.57887973302048,1.79380791254689,248
bcas3,1.92841465326809,1.79301165667108,249
prkce,3.30223402407844,1.79192987580897,250
pdpk1,3.50820764135542,1.78453915042965,251
mapk4,3.44027706522342,1.78010313360854,252
mapk8,1.43101647896795,1.77881400377492,253
map2k2,2.30308330356599,1.77781958698737,254
ptprd,3.75170018649358,1.76893261375953,255
rbl2,4.33243363580968,1.76837851493691,256
taf4b,4.60625334022969,1.76452702714692,257
dtx1,2.66669858699566,1.76132392665765,258
ptk2,1.3696552104046,1.75236568346386,259
prr16,2.22410769842146,1.74996670360556,260
mtor,2.12958932070196,1.74931702055289,261
heyl,4.73233430899315,1.74303182631467,262
tulp4,2.48073433638605,1.74250297884153,263
mdc1,2.16196508118677,1.74121298600811,264
atr,1.59077785881169,1.73477168809374,265
smarcd1,2.66592995523336,1.71822019585869,266
hey1,1.62265450325638,1.71632974032973,267
nfkb2,3.44693263208668,1.71361613817426,268
ubr5,3.10427679958752,1.70184550879188,269
dnah5,2.77911425009394,1.69752569078977,270
tsc2,3.93371716516215,1.69706640741346,271
ahnak2,3.54469999685079,1.69492238971686,272
aph1a,0.560129808660603,1.69411590378186,273
acvr2a,3.09754533352992,1.68901798898505,274
map2k5,2.50307392591004,1.68806533879258,275
apaf1,0.729209815584817,1.68770267449021,276
wwox,2.86518593255731,1.68735006187654,277
smad3,2.339465468689,1.68585620888935,278
hsd3b7,1.53456808190149,1.68208165252846,279
itgav,2.41912194740351,1.67600898728951,280
kras,2.3273041628968,1.67513056391009,281
prkci,4.58750960874929,1.66973440438303,282
smarcc2,2.34122790397804,1.66876443540099,283
acvr2b,-0.524723630293428,1.66666071091559,284
large1,2.19981747858032,1.65987175999824,285
src,1.95688325931789,1.65884478923644,286
ptprm,4.66214728199948,1.65530129897542,287
tubb1,2.72019670302065,1.64656578157321,288
bap1,0.721356585872424,1.64526938690337,289
kmt2c,2.68178748872886,1.64517274701181,290
tnk2,3.55005674718836,1.63991587470483,291
wfdc2,1.83834038608133,1.63882933960224,292
kdm6a,2.79182154454952,1.63678833667823,293
arid1a,1.5104488161391,1.63477327760996,294
asxl1,1.27904818818203,1.62892431358582,295
dtwd2,1.80355391417631,1.62872456919493,296
mmp28,3.37289423692507,1.62653320678193,297
mlh1,3.11648592389352,1.62634230954854,298
cul1,0.408639242723834,1.61681284956154,299
psen1,1.78988778894575,1.61201551637181,300
map4,3.30063716853143,1.61048641041796,301
hes2,-1.54363620826183,1.6092696341138,302
casp7,2.74505699645767,1.60500353765497,303
men1,1.21018285258817,1.60416143188253,304
opcml,1.58540235722552,1.60255054221894,305
cyp3a7,-0.686046935009237,1.60108815235591,306
afdn,1.62702741829037,1.5996425728669,307
eif5a2,1.79875163011637,1.59886395902897,308
stmn2,3.50527658552192,1.59602034346569,309
clk3,-1.10671484543042,1.58290808043351,310
mapk6,1.9563797412982,1.58289529771214,311
casp8,1.23630523799077,1.57840856123983,312
bche,1.99084459341793,1.57691666490143,313
l1cam,2.46519501364798,1.57677677293515,314
dtx4,1.62219710720776,1.57130237067122,315
utrn,0.720414916435925,1.57076681012815,316
ryr2,2.555253363467,1.5670344797629,317
tubb4a,2.98956952021357,1.56690632009469,318
ugt2b15,2.77102061238121,1.55909114416545,319
nrg3,-1.06736270013757,1.55894370068437,320
hsd17b12,3.73413655342422,1.55740758424472,321
foxp1,1.83493338102604,1.55422579202783,322
epcam,1.43549066005587,1.55312575945399,323
ncor2,1.93561304888193,1.55259152332723,324
nf1,1.81329607532972,1.55126610043608,325
srd5a2,1.6506844474556,1.54359402397624,326
usp9x,0.850427940395603,1.54260440505852,327
hes5,1.06982276980007,1.54043682973954,328
ros1,-1.07785659705082,1.53687693002624,329
map3k4,4.11986645645919,1.53679929884602,330
inha,0.273162234836593,1.53432800039755,331
notch2,3.05206059097451,1.53383736296518,332
smad9,1.34301206682556,1.53353799319712,333
vegfb,0.790398282581018,1.53158772247894,334
cdkn1a,0.464154917534914,1.53087483887559,335
gldc,1.95675530449482,1.53057095929943,336
tgfb2,1.0650623903718,1.52985241626198,337
myo3a,-2.10853962595843,1.52871920567821,338
herc2,0.354733894891652,1.52800655450289,339
slc29a1,1.71421548826878,1.5272155904301,340
e2f1,-0.722621245700245,1.52360555967768,341
mapk7,2.84161940436254,1.51822100496129,342
hsd17b14,1.83675967989641,1.51644284480048,343
hsd17b1,1.51204300632737,1.50965817318283,344
fanca,0.982430615726136,1.50863672477308,345
arl11,-0.123725179657575,1.50844919836459,346
agmo,-0.65848741871423,1.50763500407508,347
pik3r3,1.68000262335524,1.49829136810637,348
cyp3a5,0.419580740983956,1.49253006795442,349
mmp16,0.134098487878927,1.49182129467329,350
asxl2,2.70084791411369,1.49004889542457,351
smarcb1,1.30711174448755,1.48690014492114,352
tert,0.131317223994719,1.48564851677229,353
maml3,0.212046449945236,1.48419569653926,354
nek1,3.88932341238408,1.48248245760057,355
tbl1xr1,1.51789162548095,1.4816472508515,356
tp53,2.69455013555768,1.48064977094446,357
star,-0.736841455381755,1.47829419034895,358
hsd17b3,0.608554913666726,1.47642022176932,359
sik2,-1.18267385425494,1.47597063396838,360
mmp25,1.82708677556497,1.47549611474634,361
inhba,1.3568880011388,1.47506457156562,362
adam10,-0.670415011233834,1.4739568013042,363
siah1,2.28102444906051,1.47224190532163,364
ep300,0.527577619783069,1.46768653153373,365
smad5,0.338075176281857,1.4671614742557,366
bmpr2,3.19433423688669,1.46530998720127,367
hsd3b1,0.630156354816841,1.4626190206491,368
fbxw7,2.39806753246578,1.46045001251004,369
rictor,0.0302808573188653,1.45869130404535,370
or6a2,-1.03865291055354,1.4529919398197,371
gdf11,1.457375854035,1.45129465799203,372
sf3b1,2.7535609761465,1.45081809417698,373
bmp15,1.08590594083332,1.44801614138155,374
rassf1,0.361244706920552,1.43831164094866,375
prkg1,2.34737645160708,1.43515228818897,376
kdr,1.02048945975777,1.43490016984225,377
myh9,1.51596523347394,1.43181447958258,378
casp9,1.30735466191013,1.43145173007312,379
rps6,1.78913721499626,1.43104839344965,380
lipi,1.05687897232029,1.43015380648063,381
aff2,1.75450965444053,1.4258006245982,382
ctbp1,1.11099084234482,1.4211395932494,383
syne1,0.0655350754358178,1.41835410960871,384
itch,1.67897352933966,1.41805936706272,385
kdm5a,1.24268964744353,1.41397346369744,386
gdf2,0.205999067167984,1.41172029688557,387
hsd3b2,0.143866315628246,1.40928895265455,388
dnah11,2.00565827124409,1.40693425041102,389
rasgef1b,-1.20795231590923,1.40676986958382,390
cyp19a1,-0.741187938902769,1.40669961686542,391
bmp5,2.65994329972896,1.40638306372613,392
nbn,1.71001821766411,1.40628806086252,393
dlec1,0.69332547197804,1.40411955826287,394
myo1a,1.28002198043924,1.40359748865254,395
cyp3a43,0.194416818122935,1.40096802295353,396
rad50,-0.00482799509897252,1.397893418873,397
atm,-0.643256462682895,1.39756406892768,398
clrn2,0.903314023127988,1.39629606791157,399
erbb4,-0.221070920052197,1.3961092795049,400
kmt2d,0.0350005691178623,1.39528942155073,401
raf1,2.35833765713375,1.39461621662029,402
snw1,1.00568370490135,1.39215407421995,403
mmp27,1.59906253119921,1.39171347485635,404
agtr2,-0.3405471089629,1.39056981979904,405
bmf,1.86174859029782,1.38703924377551,406
cyp11b2,-1.13254847982244,1.38271123586493,407
ctnna3,-0.754053172381319,1.38142593364033,408
mmp26,-2.44453036787546,1.38067451440515,409
rbpjl,-0.255154685322608,1.38032167384049,410
folr3,2.91618033860952,1.37410463058999,411
mmp14,0.107385732703249,1.36531217553532,412
dph1,-1.35428330733766,1.36451788653785,413
mmp19,0.735161831880957,1.36402077787157,414
shbg,0.854365503758683,1.35976598854702,415
akap9,2.49824333424573,1.35706549210612,416
gps2,-0.0620164194705476,1.35617076957011,417
ugt2b17,1.68003581275167,1.35521812365962,418
mmp24,0.0460125821485766,1.35521411086051,419
tsc1,3.36224027468927,1.3548347443375,420
nf2,1.48700090384261,1.35316837331351,421
numb,1.77183563555291,1.35304702378834,422
numbl,0.302323981464507,1.35004972515698,423
palb2,2.36680635812455,1.34875628911432,424
prkacg,-1.56798587788874,1.34816554514095,425
gh1,1.97557774377319,1.34788603354165,426
pik3ca,3.0277145519968,1.34722519080331,427
zfp36l1,3.17657354948347,1.34601281564188,428
pbrm1,1.87147639528531,1.34482971237866,429
rad51d,0.430687307375758,1.33745255637343,430
tgfb1,0.756658852942591,1.33671638846901,431
rfng,0.461679055345971,1.33464512632354,432
mapk12,0.384928479782693,1.33191589706051,433
slco1b3,0.535094257774449,1.3287568414641,434
palld,2.85993646537505,1.32723908278035,435
hes7,0.706774289463733,1.32663201051687,436
hdac1,0.584991858281314,1.32525761356996,437
casp10,1.12245062189294,1.3239534820224,438
brca2,1.58266427747427,1.3225828755245,439
ppp2cb,2.55938321236902,1.31757790163893,440
dll4,0.1354973871909,1.30789460984497,441
acvr1,1.26130592999826,1.30581260653057,442
magea8,-0.763793639731374,1.29757954781507,443
spaca1,0.717861534618507,1.293185511049,444
akt2,1.47937032662588,1.29188325065367,445
mapk14,3.16223494562775,1.27497176198606,446
mmp21,-0.0499923652744134,1.27351044112824,447
ncoa2,1.52740980727364,1.2697206691015,448
fgfr1,1.63612719766117,1.2663434736621,449
smad6,0.924638804956657,1.26217443856362,450
bbc3,-0.0653048516736721,1.26215928293036,451
hdac9,-0.446582770771413,1.25842668821269,452
e2f6,1.8977502347383,1.25732775313856,453
tg,0.56401704823568,1.25315212230052,454
zfyve9,1.00216737653967,1.2521944746022,455
cir1,1.10428618784113,1.24590567583501,456
hsd17b13,0.62826869492851,1.24589563101852,457
ush2a,-0.373647644715708,1.24583556175686,458
gpr32,0.520270471593927,1.24564811545161,459
inhbc,-0.634961066380303,1.23765762773308,460
ctcf,0.591602103692101,1.22999839429851,461
itgb3,0.332065822942688,1.22045032278871,462
izumo1r,0.707018958233915,1.22037423653197,463
bmp3,-1.10119939477254,1.21790563564398,464
arid1b,-0.268662525524704,1.21701901474351,465
akr1c1,-0.191884690006936,1.21599409037033,466
akt3,-0.243502775987605,1.21394207899322,467
abcb11,0.229237438097513,1.21217739881583,468
csf1,1.83847060474079,1.20557115535074,469
bmp10,0.759655664273356,1.20490845587913,470
cxcr2,0.254863402498438,1.20233940246267,471
thsd7a,-0.43223767212193,1.19740458862517,472
taf1,-0.89821812395714,1.19735737994551,473
kdm3a,-0.449717410968741,1.19617993990318,474
stk11,1.91195127272725,1.19505026765956,475
acvr1c,0.575225187625822,1.18511730415363,476
map3k10,0.152868579566274,1.18482061351952,477
mmp23b,-0.367428863772537,1.18287462327911,478
birc6,1.62372973868614,1.17381486549142,479
smad2,0.794381446481318,1.15456906583838,480
rptor,0.347057122008275,1.13846304241921,481
apc,1.26543772362519,1.1379726308004,482
cyp2c8,3.46478020942955,1.13604101764947,483
cxcr1,0.197765060327251,1.13281037406824,484
cyp17a1,-0.879025773560626,1.13017966312658,485
abcc1,0.877833360187648,1.12210512119334,486
nr1i2,0.369538413470116,1.12087076055526,487
mmp17,1.27047563580328,1.09554016412654,488
maml1,1.71775661119586,1.00735587336226,489
