desfecho,gene,HR,IC95_inf,IC95_sup,z,valor_p,concordancia,fdr
Sobrevida específica (DSS),aurka,1.45804285375802,1.35348433292642,1.57067866371115,9.93233638624604,3.01115938305854e-23,0.647692974837507,1.47245693831563e-20
Sobrevida específica (DSS),bcl2,0.723214939075348,0.667837134277576,0.783184733606572,-7.97272154052665,1.55217645438832e-15,0.614908347839623,3.79507143097944e-13
Sobrevida específica (DSS),mapt,0.734973978727144,0.679899574985734,0.794509614772657,-7.74826718653187,9.31549717158887e-15,0.624282355615571,1.51842603896899e-12
Sobrevida específica (DSS),gsk3b,1.32582061418178,1.23186277130585,1.42694490160294,7.5202821651078,5.46581505092455e-14,0.604144454231986,6.68195889975526e-12
Sobrevida específica (DSS),fancd2,1.32255207401863,1.2267291504773,1.42585996901633,7.28520641398701,3.21178169781472e-13,0.60474426718424,3.1411225004628e-11
Sobrevida específica (DSS),stat5b,0.743845060909429,0.686142341759676,0.806400423008946,-7.18283941203901,6.82782842046623e-13,0.605472567360045,5.50230247870316e-11
Sobrevida específica (DSS),e2f2,1.30951321836033,1.21637412519231,1.40978407345628,7.16328724384698,7.87650661573049e-13,0.614989887808416,5.50230247870316e-11
Sobrevida específica (DSS),ccne1,1.27052182070871,1.18674023902596,1.36021822115164,6.87902728539926,6.0262618460321e-12,0.624980387166597,0.000000000368355255338712
Sobrevida específica (DSS),e2f7,1.27642306820498,1.18929400308696,1.36993531020663,6.7657669783755,1.32604823015763e-11,0.583524725760082,0.00000000072048620505231
Sobrevida específica (DSS),stat5a,0.752997079589221,0.692835620773793,0.818382578592938,-6.67754751003984,2.42973856128837e-11,0.580273628368002,0.00000000113101138312107
Sobrevida específica (DSS),cdk1,1.29558676345486,1.20066658861942,1.39801096953109,6.6707959611226,2.54419738534393e-11,0.604993211179871,0.00000000113101138312107
Sobrevida específica (DSS),chek1,1.27040858313916,1.18287075503042,1.36442460957803,6.57048760556017,5.01507588003079e-11,0.613121263523589,0.00000000204364342111255
Sobrevida específica (DSS),cdc25a,1.25669133033072,1.17300840704511,1.34634422928537,6.49852332944554,8.11122183792115e-11,0.611930285797591,0.00000000305106729134111
Sobrevida específica (DSS),ccnb1,1.28121453797246,1.18864993440386,1.38098749244895,6.47677769294134,9.37020876305993e-11,0.590423501301551,0.00000000327288006081165
Sobrevida específica (DSS),igf1r,0.762801994908411,0.702604436557724,0.828157143850382,-6.45553441406929,0.00000000010783767059201,0.605405852840124,0.00000000351550806129952
Sobrevida específica (DSS),aph1b,0.772801827221389,0.713905364108232,0.8365571883645,-6.37230251954631,0.000000000186211114259984,0.609311740890688,0.00000000569107717957077
Sobrevida específica (DSS),gata3,0.7983990326749,0.74086787582057,0.86039769867225,-5.90054712147929,0.00000000362298123923265,0.596526644420257,0.00000010421398976381
Sobrevida específica (DSS),eif4ebp1,1.23059810859768,1.14795204331979,1.31919422391961,5.84994961868932,0.00000000491721932033589,0.572098628769525,0.000000133584458202458
Sobrevida específica (DSS),e2f8,1.2531079651474,1.16163961489303,1.35177859999243,5.83447661952878,0.00000000539596734493531,0.579538533194798,0.000000138875159561756
Sobrevida específica (DSS),slc19a1,1.23876425007432,1.15098996223987,1.33323218933719,5.7102392046923,0.0000000112817493276574,0.583443803518326,0.000000275838771061223
Sobrevida específica (DSS),diras3,0.725610168194975,0.648107324570886,0.81238106132583,-5.56535393346502,0.0000000261620850430878,0.566304966896008,0.000000609202837431901
Sobrevida específica (DSS),e2f3,1.22789262476065,1.14079483501296,1.32164018600635,5.46903279198302,0.0000000452498034240554,0.59771020942182,0.00000100577972156196
Sobrevida específica (DSS),rps6kb2,1.23178330102957,1.14237435069535,1.328189922832,5.42213234839164,0.0000000588922518234209,0.580994515819372,0.00000125210048441969
Sobrevida específica (DSS),casp3,1.23674481846318,1.14477499632324,1.33610338355403,5.389328481583,0.0000000707214387772854,0.577909587000058,0.00000144094931508719
Sobrevida específica (DSS),bard1,1.23713460065053,1.14485547003528,1.33685173385211,5.38027505199042,0.0000000743721186900891,0.575350961615678,0.00000145471864157814
Sobrevida específica (DSS),mmp15,1.20986700420259,1.12770618596958,1.29801377882806,5.30955839873422,0.000000109891169242974,0.573511370501557,0.0000020667992984544
Sobrevida específica (DSS),map2k4,0.804765625086168,0.741998417301519,0.87284244308186,-5.24250679355774,0.000000158409557576667,0.591073967870781,0.00000286897309833297
Sobrevida específica (DSS),tbx3,0.802952236935295,0.739302015674805,0.872082425219561,-5.20814257699444,0.000000190740341298917,0.578798496205303,0.00000325243477235307
Sobrevida específica (DSS),tgfbr3,0.803204779734972,0.739597748996825,0.872282154812068,-5.20606733409127,0.000000192884679751,0.582229352164948,0.00000325243477235307
Sobrevida específica (DSS),cdk2,1.22050439361451,1.13155189368432,1.31644954433518,5.16095139088019,0.000000245697976533819,0.567783805420925,0.00000400487701750124
Sobrevida específica (DSS),tubb4b,1.22658596984959,1.13469088223435,1.32592335497512,5.14023279572765,0.000000274398286182924,0.563614765652894,0.00000432841167559515
Sobrevida específica (DSS),rpgr,0.810642486016694,0.748002702969342,0.878527895055293,-5.11625075607129,0.000000311668659309018,0.586967318533417,0.00000476268670006593
Sobrevida específica (DSS),ncoa3,1.2141708154872,1.12642428341155,1.30875265287781,5.07049054753987,0.000000396791624098945,0.575521454277698,0.00000587973042982982
Sobrevida específica (DSS),flt3,0.791635412751952,0.722800670525563,0.867025519314028,-5.03426239158611,0.000000479692252172079,0.576666102475974,0.00000683245459637394
Sobrevida específica (DSS),vegfa,1.20854838095557,1.12256907061014,1.30111298035004,5.03056737670654,0.000000489030492583002,0.569730881039363,0.00000683245459637394
Sobrevida específica (DSS),rbl1,1.20565996945038,1.12003683114288,1.29782871555378,4.97609058200941,0.000000648812945115812,0.569037791304627,0.00000881304250448978
Sobrevida específica (DSS),ahnak,0.838534932366913,0.780250559671212,0.901173121997987,-4.7909813799798,0.00000165967529821804,0.591275964611654,0.0000219346275899628
Sobrevida específica (DSS),hes6,1.20030371183256,1.11346482820476,1.29391514140767,4.7649696108985,0.00000188882114622854,0.563424505725712,0.0000243061458027831
Sobrevida específica (DSS),pdgfb,1.19269840984345,1.10825235645008,1.28357904096834,4.70329259809713,0.00000255999133228747,0.556143974875806,0.0000320983528586814
Sobrevida específica (DSS),kras,1.19859022127484,1.11022259644024,1.2939914240099,4.63585994189378,0.00000355456596540596,0.55349763225227,0.0000434545689270878
Sobrevida específica (DSS),erbb2,1.19907193014372,1.10945788157415,1.29592435867741,4.58089508896434,0.00000462990068613434,0.525042036324821,0.0000552200350126755
Sobrevida específica (DSS),hsd17b8,0.834822894139631,0.772671103811276,0.901974023801327,-4.57362243315464,0.00000479363348543588,0.579498380937438,0.0000558115898661464
Sobrevida específica (DSS),dll3,1.17298082438973,1.09482878105616,1.25671158649914,4.53528211309544,0.00000575265393446706,0.565876882059848,0.000065419715673358
Sobrevida específica (DSS),dlec1,0.805373424252038,0.733223854674282,0.884622545156542,-4.52008619028519,0.00000618144598966745,0.553532224966303,0.0000686983429306223
Sobrevida específica (DSS),cir1,0.829227711311309,0.764312447853575,0.899656415563605,-4.50235785671058,0.00000672037004215108,0.556186598041311,0.0000730280211247084
Sobrevida específica (DSS),e2f4,1.19022479412287,1.10308303054543,1.28425061515483,4.4889933019465,0.00000715605471302817,0.578995551129885,0.0000760719729276255
Sobrevida específica (DSS),rad51,1.17884080649568,1.09643139031034,1.26744423713193,4.44973234758112,0.00000859773702099024,0.580455857843713,0.0000894530511332814
Sobrevida específica (DSS),mmp9,1.19119406705059,1.10258845984058,1.28692014931997,4.43631491548777,0.00000915119456454237,0.567095039775444,0.0000932277946262754
Sobrevida específica (DSS),srd5a1,1.16694954612432,1.08913980386586,1.2503181302953,4.38526730010079,0.0000115843437891165,0.584437726319743,0.000115607022711795
Sobrevida específica (DSS),nrip1,0.84234496426414,0.779350738970117,0.910430956617547,-4.32611926620305,0.0000151759274706366,0.569200253515176,0.000148420570662826
Sobrevida específica (DSS),cxcl8,1.17010702897531,1.08846537272384,1.25787231598483,4.25710165347349,0.0000207094206697217,0.562997656343624,0.000198566798186155
Sobrevida específica (DSS),fn1,1.17899969582865,1.09276128255945,1.27204386259762,4.24889624501252,0.0000214826383526564,0.553642180378765,0.000202019426047096
Sobrevida específica (DSS),igf1,0.82004409892937,0.748148668453198,0.898848521082345,-4.23786535146975,0.0000225655026821954,0.552078713249874,0.000207592161405547
Sobrevida específica (DSS),msh6,1.18050258334086,1.0932233879445,1.27474984952041,4.23432141167923,0.0000229242877625758,0.564180603618151,0.000207592161405547
Sobrevida específica (DSS),raf1,1.17808014661153,1.09143715139125,1.27160123702142,4.20483716772521,0.000026127018660568,0.550884029161658,0.000232292947727596
Sobrevida específica (DSS),egfr,1.16116815349854,1.0824667767519,1.24559155962737,4.17289486063328,0.0000300753749582751,0.544791387402569,0.000262622470617795
Sobrevida específica (DSS),hsd17b4,0.84912594268019,0.785626469321234,0.917757859094874,-4.12406969461669,0.0000372236179985213,0.572194376460152,0.000317796194797116
Sobrevida específica (DSS),map3k1,0.844290562900219,0.778991532453097,0.915063290043256,-4.12118035808756,0.000037693618196795,0.558746458879764,0.000317796194797116
Sobrevida específica (DSS),ppp2r2a,0.848351051745553,0.783892625193977,0.918109807219699,-4.07905675789194,0.0000452187969593256,0.563273780328853,0.00037477952056119
Sobrevida específica (DSS),notch3,1.17326539945551,1.0838698985636,1.27003406901859,3.95170544213524,0.0000775962161475473,0.553140586025285,0.000632409161602511
Sobrevida específica (DSS),src,1.16793227258145,1.08118204666727,1.2616430299985,3.94214742937379,0.0000807553096114581,0.561201923849082,0.000647366334426279
Sobrevida específica (DSS),bmpr1b,0.847130145105966,0.779362860902827,0.920789941049975,-3.89984703533418,0.0000962534807020587,0.563265132150345,0.000759160517150108
Sobrevida específica (DSS),ctcf,1.16644271278146,1.07926802942133,1.26065867338854,3.88478947223297,0.000102418598852374,0.551310260816709,0.000794963410139855
Sobrevida específica (DSS),pten,0.858688363252576,0.794794764675921,0.927718372032863,-3.86175242408195,0.000112576616568512,0.553199270093734,0.000860155710968784
Sobrevida específica (DSS),lama2,0.85503485776725,0.789545102313452,0.925956738702964,-3.8521032987328,0.000117107598896567,0.547649610399558,0.000881009474775712
Sobrevida específica (DSS),hdac2,1.16732525138861,1.07873188278019,1.26319455675821,3.84188872037737,0.000122091189910767,0.561112971155854,0.000904584725247952
Sobrevida específica (DSS),notch1,1.16202780689357,1.07617997502514,1.25472379651213,3.83485875238946,0.000125636472555096,0.556198334855001,0.000916958732528982
Sobrevida específica (DSS),akt1,1.15997513189112,1.07442614998641,1.25233577628657,3.79648581373931,0.000146761757044771,0.546209688677928,0.00105538969404254
Sobrevida específica (DSS),cdk4,1.14057525628113,1.06555221362509,1.22088049614666,3.78896342513559,0.000151277181469459,0.559540238121418,0.00107209480780529
Sobrevida específica (DSS),nek1,0.85829548847627,0.792875714483514,0.929113014917594,-3.77760525740581,0.000158343590210005,0.551071818180695,0.00110614308018132
Sobrevida específica (DSS),hsd17b7,0.854954321511774,0.787626972798853,0.928036897053206,-3.74454551967382,0.000180720611296524,0.552918204292215,0.00124468139329578
Sobrevida específica (DSS),hsd17b2,1.1434453038332,1.06475581827471,1.22795024025017,3.68476352482338,0.000228915074178631,0.555517599660991,0.00154703831379236
Sobrevida específica (DSS),stat1,1.15603568148305,1.0701001921964,1.24887230803965,3.67908032462903,0.000234076540878737,0.560199352869157,0.00154703831379236
Sobrevida específica (DSS),bmf,1.15763906992404,1.07079257420019,1.25152923965276,3.67904153974824,0.00023411213746551,0.544442989354092,0.00154703831379236
Sobrevida específica (DSS),gdf11,1.14592785708083,1.06555630783927,1.23236157861676,3.67140368310106,0.00024122198447536,0.547661964940284,0.00157276733877934
Sobrevida específica (DSS),kdm5a,1.15244391187849,1.06780474866823,1.24379196822476,3.64564014616793,0.000266727004792178,0.54082434437541,0.00171617770188652
Sobrevida específica (DSS),cdkn1b,0.864050224436651,0.79850174025143,0.934979540700743,-3.6301801441392,0.000283223481482954,0.548734339075312,0.00179865301876837
Sobrevida específica (DSS),nfkb1,0.86773803790634,0.80329580599682,0.93734997345738,-3.60324547612098,0.000314268473760733,0.552637756217732,0.00197022158549998
Sobrevida específica (DSS),mmp11,1.16197300440206,1.07060643123682,1.26113688799661,3.59279094595074,0.000327155050374569,0.53890444874657,0.00200416337219854
Sobrevida específica (DSS),smad6,1.15236633332571,1.06656141006107,1.24507426731903,3.59221473702515,0.00032787948829424,0.541704605402147,0.00200416337219854
Sobrevida específica (DSS),arrdc1,1.14346962852868,1.06171572796246,1.23151871723402,3.54224077732339,0.000396743154106001,0.546053403737743,0.00239515311552882
Sobrevida específica (DSS),jak2,0.865751253004587,0.798080423445971,0.939160027059295,-3.47155485967545,0.000517453590858408,0.528330815066115,0.00308579031621661
Sobrevida específica (DSS),prkcq,1.14728752365025,1.06156516702462,1.23993203885239,3.46785418103981,0.000524631884596983,0.553294400057325,0.00309090351286656
Sobrevida específica (DSS),spry2,0.863475257943846,0.793908391416719,0.939137977557708,-3.42515346230299,0.000614452240538184,0.525964920517062,0.00357698982884729
Sobrevida específica (DSS),siah1,1.14185504401896,1.05822171182728,1.23209808207407,3.41812637353296,0.000630538228787543,0.551890306503801,0.00362744933973069
Sobrevida específica (DSS),smarcb1,1.13943567180319,1.05671401267721,1.22863294571846,3.3945013289157,0.000687537063534851,0.560378493709686,0.00390936772172723
Sobrevida específica (DSS),lifr,0.859508666214587,0.787194460220744,0.938465886930679,-3.37629279309056,0.000734696884924787,0.54800047935618,0.00412950318078414
Sobrevida específica (DSS),pms2,0.873914489407361,0.807966106604554,0.945245757901479,-3.36657626881432,0.000761075331977304,0.546441336316543,0.00422915724246479
Sobrevida específica (DSS),dnah11,1.1084953264477,1.04340082528093,1.17765086914279,3.3359129267385,0.00085019788116666,0.541327174182963,0.00467131195382581
Sobrevida específica (DSS),map2,1.12487476523138,1.04966484526903,1.20547357869267,3.33279877545705,0.000859771010989399,0.556080348991066,0.0046714224930424
Sobrevida específica (DSS),cbfb,1.14238608578613,1.05619599890457,1.23560965043541,3.32599285665819,0.000881041865129701,0.561150034778032,0.00473438980272993
Sobrevida específica (DSS),dtx2,1.14016000648636,1.05500280209444,1.23219088879216,3.31188577338081,0.000926693750883454,0.555790635011039,0.0049255787411088
Sobrevida específica (DSS),mlh1,0.885742130227156,0.824161813732942,0.951923649199257,-3.30009277266397,0.000966528719069306,0.563817380120803,0.00508207036155796
Sobrevida específica (DSS),tsc1,0.876402944776096,0.810205411755499,0.94800912270875,-3.2923703151063,0.000993467041377814,0.550192792608031,0.00516814237482714
Sobrevida específica (DSS),cyb5a,0.880213470527826,0.815769009277339,0.949748942271031,-3.28900200352578,0.0010054330794563,0.555866615436504,0.00517533448267508
Sobrevida específica (DSS),maml1,1.14178097770643,1.05471041210481,1.23603956696572,3.27609955322311,0.00105251453328692,0.53440739592226,0.00536124590393026
Sobrevida específica (DSS),abcc10,1.13263013411104,1.05086714603142,1.2207547124687,3.25782982833328,0.00112267707792065,0.556528818819425,0.00565968135157935
Sobrevida específica (DSS),runx1,0.881316070219468,0.81649621837166,0.951281828562655,-3.24134956507937,0.00118965205060334,0.547470469559029,0.0059361209463779
Sobrevida específica (DSS),rps6,0.882126649556573,0.81746339804575,0.951904914297283,-3.22894466169742,0.00124247934653669,0.532232379027426,0.00613709495410546
Sobrevida específica (DSS),hey2,1.12532200924805,1.04602460218429,1.21063082250044,3.16688134620669,0.00154083173515573,0.530889440450496,0.00750415410269095
Sobrevida específica (DSS),e2f5,1.13319268629724,1.04876283368011,1.22441949985161,3.16516735230172,0.0015499377594515,0.539769266597399,0.00750415410269095
Sobrevida específica (DSS),ncor1,0.885345940532352,0.820981891995703,0.95475605742254,-3.16224655477481,0.0015655694920544,0.55706809452212,0.0075055243295549
Sobrevida específica (DSS),nr3c1,0.878522852016482,0.810273320222494,0.952521059564499,-3.13887211738969,0.00169599445378369,0.54902899487163,0.00805185716407985
Sobrevida específica (DSS),abcb1,0.875297028415388,0.805031451416114,0.951695597240454,-3.11956788134886,0.00181116523596451,0.543733838716413,0.00851595961910236
Sobrevida específica (DSS),stat3,0.890312229286072,0.827484164025094,0.95791061639253,-3.11160982139715,0.00186070250033035,0.556876599140865,0.00866555735868136
Sobrevida específica (DSS),nras,1.12765846565958,1.04496541258487,1.21689541094781,3.0918856878404,0.00198889423071887,0.548564464140328,0.00911649142192267
Sobrevida específica (DSS),bmp7,1.11636091363191,1.04109976226535,1.19706269721291,3.09100316200697,0.00199481509641253,0.536738080030244,0.00911649142192267
Sobrevida específica (DSS),casp10,1.1303096322081,1.04480486094728,1.22281194548048,3.05205488914495,0.00227280535841183,0.541615652708918,0.0102907575950313
Sobrevida específica (DSS),col22a1,1.11025310808999,1.03792279467311,1.18762394500807,3.04288336720136,0.00234323133423581,0.556138415332479,0.0105122947012964
Sobrevida específica (DSS),hif1a,1.12545381064943,1.04171510666356,1.21592388533386,2.99595741127624,0.0027358464094173,0.547272179180375,0.0121114467628379
Sobrevida específica (DSS),cdkn2c,0.873750294608548,0.799877921956623,0.954445117651247,-2.99446964374293,0.00274922411180982,0.535544013669064,0.0121114467628379
Sobrevida específica (DSS),cdk8,1.12455846814028,1.04064635844302,1.21523679778989,2.96693322983439,0.00300786271995713,0.550150787169562,0.01313254348267
Sobrevida específica (DSS),adam17,1.1193671426682,1.03783354654528,1.20730612751542,2.92235900092545,0.00347390870835654,0.551385005788102,0.0149915469965872
Sobrevida específica (DSS),rdh5,0.877224028150689,0.803399144990996,0.957832729052189,-2.92047682722889,0.00349496187650498,0.538699363370516,0.0149915469965872
Sobrevida específica (DSS),ttyh1,1.11169250337071,1.03507858987266,1.19397718602477,2.90630064016141,0.00365729868753668,0.539654369368646,0.0155514700713516
Sobrevida específica (DSS),hras,1.11643954915902,1.03569519420111,1.20347885546368,2.87564243908696,0.00403206176260779,0.543089549417545,0.0169972258785794
Sobrevida específica (DSS),pik3r1,0.890335773923104,0.822177517703361,0.964144328029723,-2.8585648185973,0.00425562155756877,0.549667724627171,0.0177863157406079
Sobrevida específica (DSS),itch,0.891008464716779,0.822493189739559,0.965231194738935,-2.82679618149058,0.00470162425102203,0.549287822499843,0.0194838496504218
Sobrevida específica (DSS),tgfb3,0.894891801775894,0.828373074631921,0.966752012360549,-2.81798415318158,0.00483261948980457,0.546984936108493,0.0198584111807936
Sobrevida específica (DSS),men1,1.12150380772141,1.0345911267312,1.21571774417549,2.78624322048644,0.00533228458692306,0.534122623758523,0.0217290596917115
Sobrevida específica (DSS),stat2,1.1160285033337,1.03264337985057,1.20614690856151,2.77070607531047,0.00559348930282885,0.537097597165374,0.0226050931329199
Sobrevida específica (DSS),map2k1,1.1165575457732,1.03245384261826,1.20751233765714,2.75930512489069,0.0057924423103394,0.546739698475079,0.0232172482766882
Sobrevida específica (DSS),cyp11a1,0.885639491081803,0.812213925992431,0.965702856184399,-2.75030439005652,0.00595399280654936,0.538073605882738,0.0236707518894523
Sobrevida específica (DSS),bmp3,1.10630856756298,1.02876555471058,1.18969637062506,2.72485104313192,0.00643305028816899,0.535028829320785,0.0253690450880213
Sobrevida específica (DSS),fgf2,0.883526938031731,0.806518401168043,0.967888456230126,-2.66142896207955,0.00778097578141811,0.529613216393487,0.0304391772569076
Sobrevida específica (DSS),ccnd2,0.897762229275571,0.828744130545521,0.972528179214143,-2.64248195574455,0.00823008505351247,0.532757447008286,0.0319405681838698
Sobrevida específica (DSS),casp6,0.901528141307123,0.834141459528079,0.97435870173447,-2.61529555987207,0.00891502734883935,0.539100885944116,0.0343263651463184
Sobrevida específica (DSS),hsd17b10,1.10862273360156,1.02505889950879,1.19899877562854,2.57895402755328,0.00990999742474071,0.538472039821156,0.0376895626451148
Sobrevida específica (DSS),serpini1,0.890900545403205,0.815987350312066,0.972691281912868,-2.57781764030426,0.0099426453603677,0.543270543439183,0.0376895626451148
Sobrevida específica (DSS),dnah2,0.897430311526176,0.826380877429583,0.97458833576966,-2.5716260887382,0.0101222148550808,0.532024822743227,0.0380751004933424
Sobrevida específica (DSS),mapk7,1.10682986375983,1.0239213652143,1.19645159182142,2.5550435237587,0.0106174520985762,0.52798550565282,0.0396330845511736
Sobrevida específica (DSS),nr2f1,1.10423903240177,1.02290066394991,1.19204521382471,2.53996521102342,0.0110863495769946,0.526845799270835,0.0408896625014318
Sobrevida específica (DSS),smarcd1,1.1095725699886,1.02399111896588,1.20230660722373,2.53886353833695,0.0111213192488557,0.526990347397331,0.0408896625014318
Sobrevida específica (DSS),bmp2,1.1001684043262,1.02186444420366,1.18447268103246,2.5341102833954,0.011273324603988,0.51310137271302,0.0411392218757473
Sobrevida específica (DSS),mmp17,1.1033949333606,1.02199973539899,1.19127269489022,2.5165469938678,0.0118511094569459,0.52685506517638,0.0429273520329375
Sobrevida específica (DSS),ddc,1.08696222168161,1.0179180446893,1.16068958353485,2.49034882351759,0.0127617774657952,0.544425075270039,0.0458860969174547
Sobrevida específica (DSS),wfdc2,0.897272896469113,0.823057510803245,0.978180309602367,-2.46080131871519,0.0138627110419531,0.542451437389041,0.0494807715293072
Sobrevida específica (DSS),acvr1c,0.902200048715479,0.830996283925769,0.979504895084372,-2.45365755759113,0.0141411574997614,0.526119352276139,0.0501088841839373
Sobrevida específica (DSS),syne1,0.902841143670735,0.830828858388788,0.981095110592853,-2.40999243629517,0.01595285124546,0.525581312027516,0.0561219011441002
Sobrevida específica (DSS),notch2,0.906768076259374,0.837010216043487,0.982339675625185,-2.39622506567955,0.0165649154249984,0.52873480854786,0.0578588831630301
Sobrevida específica (DSS),jag2,1.1009793877974,1.01740421795105,1.19141988107332,2.38833720830028,0.0169248046182498,0.53068311962037,0.0586966628249939
Sobrevida específica (DSS),cdk6,1.0956128907002,1.0164211859182,1.18097460275199,2.3854629777914,0.0170576391863958,0.545850789269834,0.0587407433954053
Sobrevida específica (DSS),utrn,0.91051047482855,0.842506038413125,0.984004015370624,-2.36711610227315,0.017927307939833,0.5317283137658,0.0613038712068416
Sobrevida específica (DSS),map2k5,0.909789950116453,0.841156139370207,0.98402391017752,-2.36239658333639,0.01815720664094,0.541657040420351,0.0616588475515254
Sobrevida específica (DSS),rptor,1.09471260402461,1.01527871996132,1.18036127602084,2.35449199183992,0.0185480433573733,0.532937205575851,0.0625516772534866
Sobrevida específica (DSS),ptk2,1.09870601312569,1.01567681619916,1.18852265211284,2.34795638372328,0.0188767316270392,0.529862778116155,0.062798409345977
Sobrevida específica (DSS),ppp2cb,0.904937436403731,0.832540474170582,0.983629972609796,-2.34793038154382,0.0188780494352937,0.525892646453814,0.062798409345977
Sobrevida específica (DSS),dtx3,0.909960147995621,0.840747864327405,0.984870144871115,-2.33767817626772,0.0194039491148103,0.545948390141571,0.0641116967374476
Sobrevida específica (DSS),mmp12,1.08993767061263,1.01359734960355,1.17202765603634,2.32450073350846,0.0200986722983404,0.563533843411138,0.0659614144556274
Sobrevida específica (DSS),mmp25,0.905318991413013,0.832298336618406,0.984746022133225,-2.31821496172388,0.0204376412975383,0.515822460307949,0.0666267106299749
Sobrevida específica (DSS),smad4,0.916244288885011,0.850661911681008,0.98688278549517,-2.3084220779581,0.0209756722023303,0.54362388330395,0.0679278391188046
Sobrevida específica (DSS),st7,0.912628174963804,0.8440152612168,0.986818869290353,-2.29270444007875,0.0218650267482897,0.543142673942668,0.0698958486310394
Sobrevida específica (DSS),prkacg,1.08958424060142,1.0125270790942,1.17250574515895,2.29263108370869,0.0218692532526565,0.528989312086818,0.0698958486310394
Sobrevida específica (DSS),kit,0.907796322116493,0.835515606858096,0.986330064554013,-2.28510638559895,0.0223065904761946,0.526935987418136,0.070830667161423
Sobrevida específica (DSS),hes4,1.0978256344291,1.01220110606162,1.19069334778645,2.25267053503713,0.0242799300963985,0.538012450906144,0.0765992633363799
Sobrevida específica (DSS),inha,1.08136063847769,1.00914229290474,1.15874722392519,2.21802708758748,0.0265529855471723,0.510076363416228,0.0831714197597403
Sobrevida específica (DSS),arid1a,0.919925859961532,0.854391974927032,0.990486348959725,-2.2134811172075,0.0268644936597291,0.541103556995821,0.0831714197597403
Sobrevida específica (DSS),abcc1,1.09153664573757,1.01003347311298,1.17961659757265,2.21210946884402,0.0269591020277458,0.526889657890413,0.0831714197597403
Sobrevida específica (DSS),map2k3,1.08897532745837,1.00972097381236,1.17445046163163,2.21088982041006,0.0270434677746395,0.538586319322872,0.0831714197597403
Sobrevida específica (DSS),magea8,1.07724076445471,1.00825053503137,1.15095169730494,2.20328355970717,0.0275747689865923,0.534907137094632,0.083667388444656
Sobrevida específica (DSS),ugt2b17,0.898060200974745,0.816116755175441,0.988231303254427,-2.20247134184099,0.0276320313076332,0.541442071411716,0.083667388444656
Sobrevida específica (DSS),akr1c3,0.911081440362656,0.838585855346207,0.9898442546835,-2.20125423824289,0.0277180305276774,0.533275719991747,0.083667388444656
Sobrevida específica (DSS),zfyve9,1.09223944606189,1.00957706157472,1.18167008041247,2.19734271086313,0.0279959794639141,0.526863713354888,0.0839879383917422
Sobrevida específica (DSS),mmp27,0.911618378424538,0.839264962769233,0.990209415080624,-2.19315522661915,0.0282961971506023,0.523224683384008,0.0843709780892957
Sobrevida específica (DSS),ccna1,1.07960928124993,1.00803606273992,1.1562643870031,2.18865976422056,0.0286215784851618,0.538469568913011,0.0848239507832977
Sobrevida específica (DSS),apaf1,1.09156830027942,1.00801917722966,1.18204234710054,2.15656014971172,0.0310399523584513,0.529948642174202,0.0914369680920643
Sobrevida específica (DSS),cyp21a2,0.916743344515468,0.846897043458553,0.992350092853448,-2.14988811646541,0.0315640658435716,0.540669294889297,0.0921725317727582
Sobrevida específica (DSS),hsd17b6,1.09019249909965,1.00758253345,1.17957551429916,2.14784932898339,0.0317257268223326,0.523110403882291,0.0921725317727582
Sobrevida específica (DSS),smad7,1.09268355397648,1.00772198389022,1.18480827868963,2.1462237882195,0.0318551285676813,0.517097448910886,0.0921725317727582
Sobrevida específica (DSS),akap9,0.919254695293937,0.850964166073894,0.993025592039525,-2.13766718119284,0.0325437649455426,0.517556420098861,0.093611182696296
Sobrevida específica (DSS),terc,1.0845593389637,1.00573728261385,1.16955886996287,2.10856974909475,0.0349817363370816,0.517850458168143,0.100035491630602
Sobrevida específica (DSS),folr3,1.08271705262825,1.00538223749655,1.16600052430907,2.10193256328751,0.0355591835661888,0.530987659049269,0.101053377311001
Sobrevida específica (DSS),mmp28,0.914707927936002,0.841671048733318,0.994082658169318,-2.09974827708596,0.0357509903370209,0.532401636235374,0.101053377311001
Sobrevida específica (DSS),rps6ka2,0.920804963838935,0.851345147750573,0.995931889282154,-2.06183252213366,0.0392236836090593,0.526583265280405,0.110232076349598
Sobrevida específica (DSS),casp9,0.920200972395351,0.850084750834036,0.996100481471484,-2.05658572184224,0.0397260928263916,0.534288174604253,0.111003961479332
Sobrevida específica (DSS),ccnd1,0.92070673583579,0.850921027520094,0.9962157074481,-2.05424126793271,0.0399523460539109,0.541773790830213,0.111003961479332
Sobrevida específica (DSS),jak1,0.926022889302398,0.860092918553058,0.99700668731766,-2.03951584681399,0.0413985712940227,0.533386910858282,0.114127185901737
Sobrevida específica (DSS),twist1,1.08159530655165,1.00301039771576,1.16633726810684,2.03806703624873,0.0415432292239452,0.52875148717784,0.114127185901737
Sobrevida específica (DSS),smad5,0.910903998966768,0.832288942196994,0.996944754718678,-2.02641069676441,0.0427227157016291,0.521416596348739,0.116711776413948
Sobrevida específica (DSS),shbg,0.921674630226964,0.851386813950802,0.997765187438173,-2.01524309150078,0.0438791844778801,0.533810053878152,0.119205117831574
Sobrevida específica (DSS),tubb4a,1.06543081099119,1.00152173371395,1.13341805254678,2.00814279032908,0.0446281202917404,0.561330411072634,0.120569894047851
Sobrevida específica (DSS),tgfbr1,1.0833146819142,1.00145828312474,1.17186179377248,1.99631581472769,0.0458995577078853,0.522500707297457,0.123323536918439
Sobrevida específica (DSS),folr1,1.07933300002116,1.00080945674663,1.16401750311359,1.98095931929831,0.047595835866066,0.526593148912986,0.127182315510963
Sobrevida específica (DSS),mapk6,1.08052909874907,1.00034643474907,1.16713879580762,1.96876869062806,0.048979659200651,0.550003768134921,0.129633399871119
Sobrevida específica (DSS),csf1,0.919275969343802,0.845366538547028,0.999647217247853,-1.96821495042481,0.0490433107896872,0.526822943370492,0.129633399871119
Sobrevida específica (DSS),palb2,1.08173670958381,0.999574481286321,1.17065244338307,1.9494038795238,0.0512472116004202,0.516375326005443,0.134279668669364
Sobrevida específica (DSS),hsd3b7,0.924473241833714,0.854257393979199,1.00046049456535,-1.9485406753854,0.0513503027426812,0.538716042000497,0.134279668669364
Sobrevida específica (DSS),alk,1.07255835820779,0.998817406327213,1.15174347630916,1.92740452769595,0.0539292358111167,0.536905484057083,0.140273384636362
Sobrevida específica (DSS),chek2,1.07764667926342,0.99800755999024,1.16364084991384,1.90904828944314,0.056255862546673,0.541188803326831,0.145496478465048
Sobrevida específica (DSS),peg3,1.07750802357476,0.997925177452586,1.16343746715735,1.90690898826953,0.0565323740457242,0.503614938616464,0.145496478465048
Sobrevida específica (DSS),dph1,0.926815744167573,0.856019574273537,1.00346703446107,-1.87459551093999,0.0608483912281023,0.526659245705871,0.155784624662524
Sobrevida específica (DSS),rps6kb1,1.07570183883341,0.996244191758435,1.16149680534365,1.86385410117775,0.062342195834162,0.506817235572676,0.158777780015131
Sobrevida específica (DSS),dll4,1.07696465557988,0.996052538384922,1.16444948902893,1.8607065012508,0.0627856352640735,0.531606621539648,0.159078630280476
Sobrevida específica (DSS),inhba,0.928410580379454,0.858058446115346,1.00453087975856,-1.84752622735788,0.0646709105601803,0.513218123122882,0.163010697236743
Sobrevida específica (DSS),shank2,0.925879934832775,0.852798678868585,1.00522394671538,-1.83576105392363,0.0663930038073402,0.530961714513744,0.166493224932253
Sobrevida específica (DSS),foxo3,1.07562354526101,0.994798512176129,1.16301542167467,1.82911515000168,0.0673823598604215,0.522552596368506,0.168029887794848
Sobrevida específica (DSS),akt3,1.07762463383895,0.994479994809815,1.16772067564679,1.82484910275804,0.0680238036446915,0.527732237567935,0.168029887794848
Sobrevida específica (DSS),casp7,0.92875298979905,0.857871266439661,1.00549132463728,-1.8247640592104,0.0680366416838036,0.522196167868558,0.168029887794848
Sobrevida específica (DSS),chd1,0.928843094384647,0.857262082028983,1.00640109025244,-1.80402227921362,0.0712278143930951,0.536148768437608,0.174358183666116
Sobrevida específica (DSS),muc16,1.06921501165709,0.994210099659307,1.14987842262377,1.80348460825474,0.0713121405587386,0.546804559813891,0.174358183666116
Sobrevida específica (DSS),zfp36l1,0.931188580952818,0.861547976806391,1.00645837102555,-1.79764183749801,0.0722337838700409,0.512786331924504,0.175641854022263
Sobrevida específica (DSS),nt5e,1.07284409045502,0.993585108233892,1.15842561737884,1.79561649490398,0.0725555307004031,0.535652115900418,0.175641854022263
Sobrevida específica (DSS),atr,1.0741031609328,0.993270106453645,1.16151446905512,1.79080298968155,0.073324915343518,0.517389016072022,0.176629968487588
Sobrevida específica (DSS),mapk1,1.07233297549229,0.992962800608282,1.15804742093433,1.77996852918687,0.0750811112145868,0.542128983876089,0.179947671662295
Sobrevida específica (DSS),casp8,0.929168821329187,0.856879720127817,1.00755646125163,-1.777791010527,0.0754381854616983,0.523523045542544,0.179947671662295
Sobrevida específica (DSS),fgfr1,1.06678968086553,0.99254826865089,1.14658426108389,1.75673221517515,0.0789634637457,0.484378918705887,0.187341199310357
Sobrevida específica (DSS),cdkn2b,1.07412143688316,0.991599218930183,1.16351126457793,1.75312237901379,0.0795810029363713,0.519014255904544,0.187341199310357
Sobrevida específica (DSS),bmpr2,0.933816707820078,0.864973678013562,1.00813893644317,-1.75250474831783,0.0796870541033828,0.527041618741344,0.187341199310357
Sobrevida específica (DSS),myh9,1.07268996486795,0.99113671171931,1.16095362740865,1.73929033039664,0.0819837073213004,0.527679113042812,0.19181833913931
Sobrevida específica (DSS),srd5a3,1.07071625445011,0.990866072076362,1.15700126369382,1.72791796403322,0.0840029331679701,0.517723206398664,0.195405623659725
Sobrevida específica (DSS),foxp1,0.933330673488149,0.862892583615856,1.00951863837277,-1.72333708792519,0.0848275845635341,0.526953283775152,0.195405623659725
Sobrevida específica (DSS),map4,1.06430510019122,0.991212701606884,1.1427873598237,1.71682504919483,0.0860111426668298,0.53451117406436,0.195405623659725
Sobrevida específica (DSS),mapk3,0.932373126115882,0.860722821653269,1.00998791298844,-1.71635845058722,0.0860964563131997,0.537883345955556,0.195405623659725
Sobrevida específica (DSS),brca1,1.0690247471891,0.990541829271162,1.15372604803939,1.71568981364056,0.0862188301388854,0.51867883012383,0.195405623659725
Sobrevida específica (DSS),cyp2c8,0.928797593399363,0.853557856102193,1.01066959121417,-1.71372992978916,0.0865783374366743,0.530859789552753,0.195405623659725
Sobrevida específica (DSS),prkce,0.931639420402306,0.859154968808315,1.01023917821418,-1.71345500484073,0.0866288644053581,0.527736561657189,0.195405623659725
Sobrevida específica (DSS),bcas3,1.07064816213602,0.990206291497165,1.15762492818752,1.71299345867672,0.0867137430146429,0.500873466029337,0.195405623659725
Sobrevida específica (DSS),erbb4,1.06669213678168,0.990565267546301,1.14866950412097,1.70903153237217,0.0874451087485752,0.526419567615784,0.196149808156208
Sobrevida específica (DSS),asxl1,1.07112836907978,0.989424160786161,1.1595795094956,1.69732987064527,0.0896343129529814,0.511342703840656,0.199847630316438
Sobrevida específica (DSS),bad,0.933715391553113,0.86256246768639,1.01073773214552,-1.69586737549857,0.0899109993243689,0.536580559635986,0.199847630316438
Sobrevida específica (DSS),rbpjl,1.0679912862033,0.989649466394296,1.15253473693254,1.69229127637678,0.0905904503229019,0.507285472666196,0.200446743022168
Sobrevida específica (DSS),prkg1,1.06885924921529,0.988533623766087,1.1557119223528,1.67063732290874,0.0947933357563733,0.525604167927859,0.208801536868768
Sobrevida específica (DSS),ep300,1.06708099534172,0.988612283656746,1.15177797144875,1.66607040999073,0.0956993913181973,0.520501124880933,0.20912550620521
Sobrevida específica (DSS),psen2,0.935041745043354,0.863871070610033,1.01207586955808,-1.66279077521863,0.0963543238249282,0.520388080833289,0.20912550620521
Sobrevida específica (DSS),dtx4,1.06918877727896,0.988091226149276,1.15694240694186,1.66228746122871,0.0964551506776242,0.52207200473426,0.20912550620521
Sobrevida específica (DSS),erbb3,0.935049679299036,0.863826122483876,1.01214570849419,-1.66131075079529,0.0966510519476023,0.537407078410564,0.20912550620521
Sobrevida específica (DSS),mecom,1.0685935186171,0.986620509510601,1.15737722561321,1.62918718678409,0.103273398609309,0.504660750488931,0.222255364419704
Sobrevida específica (DSS),tgfbr2,0.940071787918747,0.872649112056919,1.01270367921157,-1.62751263153357,0.103628268072991,0.524103708956671,0.222255364419704
Sobrevida específica (DSS),arid2,0.936816983814831,0.865690453019581,1.01378738566737,-1.62007032601562,0.105217170886401,0.52542008527104,0.224677714250874
Sobrevida específica (DSS),map3k4,1.06778740591558,0.985921783582417,1.15645070756936,1.61158812608208,0.107051596242343,0.522406195060902,0.227431513100232
Sobrevida específica (DSS),fas,0.934172014628194,0.859847465851087,1.01492111981828,-1.60982084836688,0.107436972446122,0.514175600029157,0.227431513100232
Sobrevida específica (DSS),tp53,0.935857162169705,0.863042092318827,1.01481565705695,-1.60409533216058,0.108693040650111,0.519053790434868,0.228548258927673
Sobrevida específica (DSS),fbxw7,1.06312561969803,0.98642999961937,1.14578437769982,1.602322615148,0.10908428724174,0.527362836800223,0.228548258927673
Sobrevida específica (DSS),kmt2c,1.06212143892054,0.986496511358297,1.14354378147912,1.5992096415182,0.109774028734236,0.528640914038341,0.228548258927673
Sobrevida específica (DSS),hsd17b13,0.935679569589474,0.862452320230485,1.01512424097041,-1.59893957106278,0.109834030364015,0.524190808468791,0.228548258927673
Sobrevida específica (DSS),cdkn2a,1.06289728216395,0.985415356157837,1.14647151109604,1.57952157867796,0.114216470967278,0.532245351295188,0.23647249054895
Sobrevida específica (DSS),cyp17a1,1.06319501138122,0.985263256535489,1.14729096485411,1.57771838503828,0.11463032069937,0.522967091209868,0.23647249054895
Sobrevida específica (DSS),mtor,1.06513510917298,0.984729703927057,1.152105797427,1.57570870485071,0.115092950410327,0.526651832981435,0.23647249054895
Sobrevida específica (DSS),snw1,0.939869373970963,0.869069667718988,1.01643685534104,-1.5519618941149,0.120671341648915,0.521451189062772,0.246896594419746
Sobrevida específica (DSS),wwox,1.06044044040199,0.984371149155325,1.14238814151035,1.54519652383359,0.122298734937719,0.533084224610492,0.248690119455462
Sobrevida específica (DSS),dtwd2,1.06319665865783,0.983631022784091,1.14919833636571,1.5440960357108,0.122565069097682,0.495137870497233,0.248690119455462
Sobrevida específica (DSS),setd2,0.941431452771206,0.871248023017196,1.01726851235496,-1.52683306336904,0.126802527661695,0.53793955911586,0.256007016682164
Sobrevida específica (DSS),ryr2,0.935031184563349,0.857699533013707,1.01933518960184,-1.52516394629889,0.127218210743897,0.513396646236375,0.256007016682164
Sobrevida específica (DSS),map2k2,1.06257995951323,0.982604151250579,1.14906513362694,1.52040100843151,0.128410221192471,0.522900994416983,0.257346713783271
Sobrevida específica (DSS),thsd7a,1.06177306510244,0.981509914897755,1.14859974888228,1.49460066706415,0.135018691962043,0.510541511874567,0.269486287222199
Sobrevida específica (DSS),hsd17b3,0.940549197751568,0.867471798549134,1.01978276973463,-1.48525425128829,0.13747648571955,0.526005072774422,0.273276428930324
Sobrevida específica (DSS),mapk9,1.06070263982531,0.980382712915139,1.14760294659518,1.46682918192358,0.142422529139917,0.512771506475633,0.281962011131254
Sobrevida específica (DSS),gpr32,1.05996724756432,0.979874319208013,1.1466068085315,1.4527923666731,0.146281411984999,0.507429403065656,0.288433913147841
Sobrevida específica (DSS),sik2,0.942969186611114,0.870749800629619,1.02117839849641,-1.4444517480038,0.148611943346047,0.513171175868123,0.291852370667538
Sobrevida específica (DSS),dab2,0.943969596639474,0.872680672735975,1.02108208330779,-1.43922558029021,0.150086620028167,0.526177418617552,0.293569428775094
Sobrevida específica (DSS),pdgfra,0.944969673698399,0.874423563282992,1.02120725207478,-1.42984508069796,0.152761487248358,0.508171910963296,0.297566057389934
Sobrevida específica (DSS),ubr5,1.05871557255684,0.978894869886268,1.1450449870113,1.42661290348641,0.153691502812368,0.516207921978604,0.297566057389934
Sobrevida específica (DSS),ush2a,1.06142064485313,0.977910064996308,1.1520627771887,1.42569830911691,0.153955444825467,0.523448918298187,0.297566057389934
Sobrevida específica (DSS),map3k5,1.05687949682782,0.979095601563018,1.14084290546488,1.41832927804537,0.156094652625802,0.539970027884198,0.300512933598493
Sobrevida específica (DSS),lamb3,0.943808971983181,0.871176062505625,1.02249753400473,-1.41543559223758,0.156940820198034,0.506806116486023,0.300957102262112
Sobrevida específica (DSS),numb,0.944234132952722,0.871772982987466,1.02271820213749,-1.4085387806474,0.158971592014362,0.53776721327273,0.303660580058684
Sobrevida específica (DSS),mapk14,1.05890106630101,0.977557844199204,1.14701291065998,1.40338697314918,0.16050147544828,0.517880726792922,0.305389966903536
Sobrevida específica (DSS),cyp3a7,1.06430393395717,0.974024003738609,1.16295169265736,1.37800609793523,0.168201405431757,0.506809822848241,0.318800338202051
Sobrevida específica (DSS),map3k13,1.0552211961064,0.977176602341311,1.13949901178998,1.37104642391106,0.1703604846843,0.518249509833597,0.321645857183872
Sobrevida específica (DSS),gps2,0.948899313027328,0.878105347745819,1.02540077745247,-1.32590039481975,0.184872692210388,0.532066210454659,0.346643340172405
Sobrevida específica (DSS),hsd17b1,0.945438523387125,0.870070781957283,1.02733481004114,-1.32371323872083,0.185598300004919,0.528513662268862,0.346643340172405
Sobrevida específica (DSS),sptbn1,0.949429932611032,0.879191502387122,1.0252796967331,-1.32332564596654,0.18572710659544,0.514195367294319,0.346643340172405
Sobrevida específica (DSS),rictor,0.947295112284653,0.874117250333233,1.0265991540795,-1.31998203153803,0.186841017261863,0.512623869713955,0.347396416125669
Sobrevida específica (DSS),ackr3,1.05327646040692,0.973799056476622,1.13924047745673,1.29669275172505,0.19473692428928,0.507905052883612,0.360705893854007
Sobrevida específica (DSS),mtap,1.05469378512349,0.972882796041967,1.14338436747332,1.29262140375936,0.196142033148962,0.519181659931383,0.3617528543852
Sobrevida específica (DSS),ctnna3,1.05337215813687,0.973402998870059,1.13991112090876,1.29077497928687,0.196781716291336,0.519011784996399,0.3617528543852
Sobrevida específica (DSS),ccnd3,1.05102042284416,0.972113048309172,1.13633278676474,1.24967863250828,0.211416965871045,0.528579141334711,0.387201858842475
Sobrevida específica (DSS),tp53bp1,0.951581735592575,0.880198021414776,1.02875464098172,-1.24742320621085,0.212242361932965,0.524930227731249,0.387263115616492
Sobrevida específica (DSS),mmp19,0.948514199971877,0.87278895737346,1.03080954444675,-1.24515727445895,0.213073944345619,0.515907088911923,0.387335162769545
Sobrevida específica (DSS),jag1,0.949784566738029,0.875662340333521,1.03018102031219,-1.24272953925236,0.213967514877224,0.523681801390874,0.387518943610972
Sobrevida específica (DSS),rps6ka1,0.951926298215735,0.880461291970128,1.02919195369404,-1.2373245700643,0.215966609729227,0.514156450491031,0.389696207223587
Sobrevida específica (DSS),acvr1b,1.05175722624071,0.970793193477561,1.13947364936395,1.23469685799441,0.216943345697147,0.499855451873504,0.390019470757003
Sobrevida específica (DSS),stmn2,0.948413377837935,0.871543427254227,1.03206324221361,-1.22815055855136,0.219390454663968,0.522204816047066,0.391921531367233
Sobrevida específica (DSS),mmp10,0.94835038215541,0.871358946243936,1.03214461871438,-1.22758101123324,0.219604293649534,0.512236554862191,0.391921531367233
Sobrevida específica (DSS),bmpr1a,1.05160513871444,0.969999238252627,1.14007653218651,1.22089250997243,0.222126720758006,0.519727730631478,0.394981696184236
Sobrevida específica (DSS),maml3,0.952800306083271,0.881129303632145,1.03030102339143,-1.2118028546812,0.225587855313817,0.523967809008684,0.39968283061035
Sobrevida específica (DSS),hsd17b11,0.953406429565702,0.882263290606493,1.03028634378787,-1.20589027172885,0.22785980213935,0.519496082992863,0.402250697639501
Sobrevida específica (DSS),pik3r2,1.04960069137459,0.969938680825422,1.13580542060297,1.20206243727012,0.229339338277575,0.507955706500589,0.403406246106957
Sobrevida específica (DSS),prkci,1.04895587337217,0.969882559102506,1.13447593624135,1.1952323538671,0.231996261026026,0.52071238752735,0.406617102658519
Sobrevida específica (DSS),epcam,1.04790335647024,0.970135411640986,1.1319053312817,1.18931683583426,0.234315012725496,0.532053855913933,0.409214432938455
Sobrevida específica (DSS),pbrm1,0.953674819329163,0.88114045389978,1.03218012179243,-1.1752127290575,0.239909618908032,0.515140489659867,0.417493963153123
Sobrevida específica (DSS),ptpn22,0.953041124560588,0.879383109396916,1.03286880927997,-1.17195258652935,0.241216092511566,0.494772793818776,0.41827896892963
Sobrevida específica (DSS),rassf1,0.95445999352256,0.881054840837332,1.03398090222091,-1.14154404552948,0.253643593773641,0.511681218256552,0.438274619630072
Sobrevida específica (DSS),bmp10,1.04659534959291,0.967660044728616,1.13196967442911,1.13829418062832,0.25499766315309,0.512036411302428,0.439062877753032
Sobrevida específica (DSS),bmp4,0.955463380839531,0.882901794077166,1.03398846649701,-1.13055080980321,0.258244201372018,0.526730902042082,0.443092682354094
Sobrevida específica (DSS),rfng,0.954782782831594,0.880461219567005,1.03537798387072,-1.11910874426193,0.263093749856072,0.52656905755857,0.449835117760906
Sobrevida específica (DSS),cxcr1,1.046371780943,0.96509573834836,1.13449252799272,1.09876706996843,0.271869679181027,0.512720235131619,0.461666408897536
Sobrevida específica (DSS),itgb3,0.953971362090288,0.877058064793484,1.03762954383492,-1.09869370634952,0.271901688675849,0.50221764006034,0.461666408897536
Sobrevida específica (DSS),ar,0.956406688895037,0.882805896487853,1.03614368481481,-1.0909331839467,0.275302284156996,0.536457631955761,0.465822896030349
Sobrevida específica (DSS),sik1,0.956415309880561,0.882284301416633,1.03677493015029,-1.08260059884919,0.278985741390966,0.502918760246547,0.468960528302722
Sobrevida específica (DSS),ugt2b15,0.953318590415165,0.874265294421144,1.03952008690095,-1.08240035590788,0.279074670216958,0.535038095226329,0.468960528302722
Sobrevida específica (DSS),lipi,1.03728716350299,0.9701026254875,1.10912457228676,1.07152874989333,0.2839317507697,0.515471591351327,0.475306766468752
Sobrevida específica (DSS),nf2,1.04348862258619,0.965185111035939,1.12814473930098,1.06960918100394,0.284795260890275,0.519633218394923,0.475306766468752
Sobrevida específica (DSS),bmp5,1.03878488632168,0.968437432967778,1.11424239018056,1.06355705710438,0.287529404736204,0.506672069719144,0.478237683387768
Sobrevida específica (DSS),setd1a,1.04144655349004,0.966080041954189,1.12269261000604,1.05958772482977,0.289332200474353,0.512782625562286,0.479604901803249
Sobrevida específica (DSS),tert,1.04211207952165,0.96473906477456,1.12569048558089,1.04796576730639,0.29465437918946,0.508536369914717,0.486776998052857
Sobrevida específica (DSS),kdr,1.04137509278306,0.964016708268672,1.12494117017596,1.02943760287514,0.303274086734365,0.51385067560806,0.498374685504647
Sobrevida específica (DSS),cacna2d3,0.957503109499896,0.881454853329742,1.04011249270302,-1.02850359948523,0.303712998528394,0.531670247424387,0.498374685504647
Sobrevida específica (DSS),mapk8,0.95926146695976,0.885923646192048,1.03867028038928,-1.0249596730031,0.30538221616817,0.510595254126725,0.499437805037575
Sobrevida específica (DSS),csf1r,0.961289645760936,0.889010380207899,1.03944543688127,-0.989913568605465,0.322216366826774,0.512000583134322,0.525212677927641
Sobrevida específica (DSS),palld,0.962442709962201,0.891873014331207,1.03859625201688,-0.98526718721641,0.324492845866792,0.517633635978399,0.527166118368309
Sobrevida específica (DSS),aph1a,0.961216364571877,0.887912273879123,1.040572280282,-0.97732492959965,0.328408314962135,0.502660550345371,0.529153642291182
Sobrevida específica (DSS),bap1,0.962295793712479,0.890881510499009,1.03943474377198,-0.976885464325573,0.328625858730836,0.525672117901853,0.529153642291182
Sobrevida específica (DSS),hes2,1.03818631692853,0.962839179321226,1.11942975712461,0.974862328754585,0.329628554637288,0.525305805769323,0.529153642291182
Sobrevida específica (DSS),cul1,0.960691366469122,0.886094440974142,1.04156832379365,-0.972398398511447,0.330852388358957,0.495842079318622,0.529153642291182
Sobrevida específica (DSS),smad9,0.961211520386232,0.887501832298154,1.04104301906705,-0.971846700173659,0.331126819102457,0.524198838920263,0.529153642291182
Sobrevida específica (DSS),frmd3,0.959948387647771,0.883523704326205,1.04298379594729,-0.965690265385268,0.334199192035872,0.531721518768401,0.52985794977899
Sobrevida específica (DSS),mapk12,1.03884296155109,0.961472172339174,1.12243986858056,0.965014577816924,0.334537510207646,0.519832126500613,0.52985794977899
Sobrevida específica (DSS),hsd17b14,0.962123479681535,0.889409021022737,1.04078277628673,-0.963014714521798,0.335540138999225,0.524099384867417,0.52985794977899
Sobrevida específica (DSS),npnt,0.96152657845548,0.887682204671334,1.04151390690389,-0.962294347112789,0.335901767753552,0.537034589007671,0.52985794977899
Sobrevida específica (DSS),psenen,0.962092352628602,0.889109422070951,1.0410661185329,-0.960100779203752,0.337004496354613,0.51577551305319,0.529888098769794
Sobrevida específica (DSS),asxl2,1.03826126567211,0.961006240808947,1.12172680053319,0.951757837341481,0.341219809457062,0.514469638098439,0.533263432325778
Sobrevida específica (DSS),mmp13,1.03838585121785,0.960714586441306,1.12233663486204,0.949597970836879,0.342316569925908,0.516744726773155,0.533263432325778
Sobrevida específica (DSS),afdn,1.03869439219344,0.960394395606384,1.12337810935777,0.949389132175431,0.342422735685673,0.511945605428091,0.533263432325778
Sobrevida específica (DSS),hdac9,1.03891412133838,0.959292201857903,1.12514471547449,0.938397415153174,0.34804021382445,0.502216404606267,0.54029099860367
Sobrevida específica (DSS),fam20c,1.03897635876223,0.958864302442311,1.12578168914759,0.933942421207457,0.35033359491915,0.518509572915882,0.542130151631216
Sobrevida específica (DSS),hey1,1.03739139306097,0.959742465261249,1.12132258532922,0.924797755987686,0.355071118106887,0.506917925079594,0.547439874573122
Sobrevida específica (DSS),cxcr2,0.963017746980325,0.888960409160947,1.043244638841,-0.923006448343903,0.356003844814423,0.510363606488111,0.547439874573122
Sobrevida específica (DSS),mmp3,0.963454626932747,0.889589957194957,1.04345244755803,-0.914805380586367,0.360293809630703,0.507725294316046,0.552299915076532
Sobrevida específica (DSS),sgcd,0.963596104558297,0.88978312689509,1.04353232226374,-0.912001065750134,0.361768156532057,0.521330114563656,0.55282696420055
Sobrevida específica (DSS),prps2,0.965390647226345,0.892184560134052,1.04460348609045,-0.875410607953472,0.381350529948909,0.501402858099452,0.580935854034319
Sobrevida específica (DSS),rbl2,0.96682502094424,0.894943098825303,1.04448050647106,-0.855902280523406,0.392051833435284,0.523401353316391,0.595383063819422
Sobrevida específica (DSS),mmp14,1.03455708186275,0.95677854624881,1.11865839783791,0.851963031574739,0.394234610752562,0.517418666969765,0.596844348786386
Sobrevida específica (DSS),gh1,1.03346035949608,0.957220410976586,1.11577260827537,0.841760882610147,0.399921811769844,0.501776582956417,0.602713254795572
Sobrevida específica (DSS),plagl1,1.03372746156069,0.956789138546959,1.11685262899988,0.840592442351968,0.400576294087036,0.519271230351647,0.602713254795572
Sobrevida específica (DSS),bmp6,1.03330656200632,0.957057362587896,1.11563057014491,0.837719249344591,0.402188399825104,0.516784261303478,0.603282599737657
Sobrevida específica (DSS),tgfb1,1.0343432841882,0.955506726221838,1.11968445661873,0.834780380289799,0.403841374494759,0.507347863096863,0.603543347906056
Sobrevida específica (DSS),ctbp1,0.966815543586106,0.893016937296061,1.04671284080003,-0.833024854653938,0.404830711887907,0.51437080177263,0.603543347906056
Sobrevida específica (DSS),nfkb2,1.03217205918839,0.957572005031496,1.11258386228006,0.82728894330928,0.408073309140989,0.526339263101064,0.606528413890406
Sobrevida específica (DSS),mdc1,1.03335920327253,0.955561899216657,1.11749039372898,0.821712689056991,0.411240435624103,0.515759452150246,0.608616147543805
Sobrevida específica (DSS),setdb1,1.03305324763035,0.955690643802359,1.11667830940941,0.818804682792775,0.412897858795586,0.506593618385533,0.608616147543805
Sobrevida específica (DSS),prkcz,1.03326196444227,0.955301136074818,1.11758507013802,0.817488542376895,0.413649294379501,0.511010366695123,0.608616147543805
Sobrevida específica (DSS),mmp7,1.03326598970875,0.955082368351663,1.11784976968154,0.815165545742625,0.41497755682457,0.520924885627839,0.608616147543805
Sobrevida específica (DSS),ncstn,0.968240281321346,0.895654666587824,1.04670837695157,-0.811774683573765,0.416920931310437,0.512172311250415,0.608616147543805
Sobrevida específica (DSS),heyl,1.03292063238834,0.955061907597185,1.11712656983438,0.81005943466423,0.417906017217655,0.499436632942889,0.608616147543805
Sobrevida específica (DSS),maml2,1.03300569461367,0.954904448697808,1.11749480962148,0.80956499022061,0.418190236349118,0.521259075954481,0.608616147543805
Sobrevida específica (DSS),srd5a2,1.03202913890422,0.954175857992222,1.11623463811854,0.78781451415067,0.430805210022836,0.517967826305041,0.624592228748115
Sobrevida específica (DSS),adgra2,0.969009763189747,0.895873898900386,1.04811617160582,-0.786247956236541,0.431722235821806,0.512990799573521,0.624592228748115
Sobrevida específica (DSS),ptprd,0.968739522665037,0.893621624600732,1.05017183664572,-0.771217244130039,0.44057817469256,0.512022821307629,0.635524269689269
Sobrevida específica (DSS),ros1,1.03215199604448,0.952003313441696,1.11904835613143,0.767324348617127,0.442888695227716,0.510649614105921,0.636849122009894
Sobrevida específica (DSS),arid1b,1.03117542316671,0.953205894442299,1.11552263738903,0.765285879537364,0.444101330481337,0.511699750067641,0.636849122009894
Sobrevida específica (DSS),mmp24,0.968776640627799,0.892811100083465,1.05120576943807,-0.761365733766172,0.446438648383247,0.512128452630838,0.638328944618151
Sobrevida específica (DSS),mdm2,1.02972135405273,0.953338472073102,1.11222414499484,0.744793996847536,0.456396264541849,0.503249861938007,0.650664062276863
Sobrevida específica (DSS),apc,1.03023561360908,0.952099916592649,1.11478364933267,0.740210361492178,0.459172361420045,0.51287899097995,0.652718850972099
Sobrevida específica (DSS),l1cam,1.02991133621399,0.952191304524711,1.11397505461525,0.736221879059504,0.461595679337663,0.511264252507045,0.654261702017732
Sobrevida específica (DSS),sbno1,1.03013169760235,0.951123148757371,1.11570338267079,0.729147275370935,0.465911578842565,0.516819471744548,0.658470410560735
Sobrevida específica (DSS),taf4b,0.971099858017356,0.896152396318981,1.05231536300625,-0.715621272578917,0.474225234711718,0.490524684990098,0.666436452700801
Sobrevida específica (DSS),hsd3b1,0.970674160128553,0.894676490096518,1.0531273992006,-0.715542653284163,0.474273794560079,0.508632117605344,0.666436452700801
Sobrevida específica (DSS),e2f6,0.97235258671706,0.89909451062227,1.05157971906757,-0.701530500865796,0.482972006809192,0.506279195324053,0.676714359110874
Sobrevida específica (DSS),tsc2,1.02795975860517,0.951145635027274,1.11097735866842,0.695920003355758,0.486478929355525,0.492123362560059,0.679680561299577
Sobrevida específica (DSS),cyp11b2,1.02852961426773,0.949663427818362,1.11394535836339,0.691096750228041,0.489504742408038,0.50780003928744,0.681959598397523
Sobrevida específica (DSS),ran,1.02763431169455,0.949520129469362,1.11217471414965,0.675800624087925,0.499167238419485,0.501528874414858,0.693445396554341
Sobrevida específica (DSS),smad2,1.02758813707568,0.949036982065151,1.11264091854555,0.670749693670111,0.502379999810941,0.50150848942266,0.694331838794828
Sobrevida específica (DSS),pdgfa,0.972778105748879,0.897362131913489,1.05453217755751,-0.670333627783216,0.502645134833066,0.511532963767838,0.694331838794828
Sobrevida específica (DSS),ncoa2,1.02710365214044,0.949495372526198,1.11105534873065,0.667133931102662,0.504686588213629,0.507311417201721,0.69518800460976
Sobrevida específica (DSS),itgav,0.97482126681531,0.90416669953442,1.05099701495834,-0.664288369194322,0.506505763660346,0.511003571697724,0.695734040533453
Sobrevida específica (DSS),abcb11,1.02667641829907,0.948987721235649,1.11072508558798,0.655763983229497,0.511975993615941,0.504647160494132,0.701278041675617
Sobrevida específica (DSS),cyp3a5,1.02479444179771,0.951925976073212,1.10324087621989,0.650806648152685,0.51517130812859,0.493238977587628,0.703683714175644
Sobrevida específica (DSS),map3k10,0.974050405862101,0.899430120646844,1.05486148549016,-0.646558617315171,0.517917648293126,0.503933068040162,0.705464429012086
Sobrevida específica (DSS),bcl2l1,1.02591024991485,0.947331539965118,1.11100686135616,0.629171230144099,0.529236961651805,0.500030268624779,0.717551001401906
Sobrevida específica (DSS),klrg1,0.974212296048119,0.897978371479484,1.05691810394905,-0.628424654446793,0.529725790400998,0.504587858698647,0.717551001401906
Sobrevida específica (DSS),met,1.02489218215837,0.948422681920354,1.10752727140867,0.621472099740208,0.53428904619465,0.523905418578017,0.719887302980226
Sobrevida específica (DSS),cyp3a4,0.975035468093821,0.900294595813198,1.05598119600198,-0.621311225653461,0.534394869083481,0.504776883171757,0.719887302980226
Sobrevida específica (DSS),stab2,0.974221061534885,0.896239897092519,1.05898730888587,-0.613548851116951,0.539513492055268,0.505025827167388,0.724785982458863
Sobrevida específica (DSS),star,1.02550098957586,0.944756644592124,1.11314621139828,0.601815276117945,0.547297105428319,0.503264069659843,0.729819190521108
Sobrevida específica (DSS),gdf2,1.02421497064545,0.947434242581312,1.10721806215932,0.601802330878197,0.547305723400946,0.501006277342143,0.729819190521108
Sobrevida específica (DSS),braf,1.02392338935338,0.947964503219026,1.10596874007916,0.60115386245353,0.547737511086394,0.515432056821004,0.729819190521108
Sobrevida específica (DSS),mmp1,1.02352901225584,0.948034199551101,1.1050357038021,0.594898837840805,0.551911094177074,0.549752353231145,0.733381861555949
Sobrevida específica (DSS),rasgef1b,1.0244625410591,0.945622659252762,1.10987558067042,0.591518179360919,0.554173278086846,0.506934603709574,0.73439223031021
Sobrevida específica (DSS),tbl1xr1,1.0237182358058,0.946391119763517,1.1073635460392,0.584972789026107,0.558566013532297,0.50352042637991,0.737393305348273
Sobrevida específica (DSS),nf1,0.976464086530997,0.90140721603476,1.05777066715655,-0.583652967179814,0.559453816532125,0.515797133499461,0.737393305348273
Sobrevida específica (DSS),ctnna1,1.02342021817961,0.946332352934074,1.10678763093263,0.579396842155653,0.562321434383099,0.494378066242577,0.739180595197139
Sobrevida específica (DSS),rheb,1.02207242791635,0.947416819881537,1.10261083188014,0.564159337000861,0.572645698632559,0.52019226136278,0.750407954897604
Sobrevida específica (DSS),ncor2,0.978103972819141,0.905459684587831,1.05657645274408,-0.562270628829288,0.573931646486102,0.518770871452239,0.750407954897604
Sobrevida específica (DSS),col6a3,1.02203011867451,0.945494731376819,1.10476085039287,0.548697824769889,0.583212839221124,0.491189359281163,0.760509542344345
Sobrevida específica (DSS),acvrl1,0.978213495480612,0.903451553403545,1.05916209799573,-0.543016599816307,0.587118373235711,0.498340167453445,0.763566182213465
Sobrevida específica (DSS),pdgfrb,1.02179690909871,0.944253790983554,1.10570794993171,0.53548635319709,0.592313591755198,0.495189141841247,0.768223308770668
Sobrevida específica (DSS),large1,1.02170163118501,0.944180715325448,1.10558731630767,0.533277745274757,0.59384133070616,0.488678916605615,0.768223308770668
Sobrevida específica (DSS),hes5,0.978500906352459,0.901641567703964,1.06191202582948,-0.520716217315943,0.602564475338758,0.498450122865908,0.777451262376392
Sobrevida específica (DSS),prr16,0.979478337593651,0.904393631944532,1.06079673709386,-0.509559864954485,0.610359847859177,0.495467119007584,0.78448361776734
Sobrevida específica (DSS),hes7,1.02074564317597,0.943001235026939,1.10489957951429,0.508004893855101,0.611449911169855,0.511308111126623,0.78448361776734
Sobrevida específica (DSS),tulp4,1.02027725754576,0.943955351135608,1.10277004204995,0.506041248404912,0.612827693225202,0.497589629104333,0.78448361776734
Sobrevida específica (DSS),sf3b1,1.02046805688444,0.941904200064516,1.10558489393102,0.49569436539368,0.620110063101524,0.504755262725486,0.790782037974377
Sobrevida específica (DSS),mmp26,0.980824930089247,0.908137383899268,1.05933040588414,-0.492834737503161,0.622129363622324,0.502026144679085,0.790782037974377
Sobrevida específica (DSS),herc2,0.980229610338099,0.905134571366037,1.06155495478806,-0.491039447284276,0.623398547635706,0.504317911983781,0.790782037974377
Sobrevida específica (DSS),mmp23b,1.01982418572669,0.942699629055634,1.10325849054908,0.489262983182654,0.624655524305828,0.498409352881511,0.790782037974377
Sobrevida específica (DSS),nbn,1.01955246843875,0.943205373911067,1.10207942474844,0.487599376330115,0.625833637415305,0.49628560733069,0.790782037974377
Sobrevida específica (DSS),stk11,1.01948996118766,0.942489059128544,1.10278179984757,0.481732855976883,0.629995732615618,0.500348398048477,0.792327422587834
Sobrevida específica (DSS),acvr2a,0.980772660800918,0.905993229980415,1.06172428263653,-0.479793757089988,0.631374052417242,0.505332837504432,0.792327422587834
Sobrevida específica (DSS),hes1,1.01955525307452,0.941884959898955,1.10363044143242,0.47902959281085,0.631917576297046,0.498367347443042,0.792327422587834
Sobrevida específica (DSS),cdkn1a,1.01979294934479,0.940061582364814,1.10628673593615,0.471867990113002,0.637021017271855,0.512357629361307,0.795208846470731
Sobrevida específica (DSS),akr1c4,0.980009135736908,0.900660847088349,1.06634801460798,-0.46875331808895,0.639245971033981,0.519680783376718,0.795208846470731
Sobrevida específica (DSS),spaca1,0.981368576305699,0.906690954735106,1.06219685718784,-0.465736467158085,0.64140414613792,0.501088435037972,0.795208846470731
Sobrevida específica (DSS),col12a1,1.01858301193979,0.942465298782536,1.10084833208456,0.46463740503424,0.642191140941502,0.497336978746484,0.795208846470731
Sobrevida específica (DSS),fgf1,0.980991543436284,0.904671064405495,1.06375062291387,-0.464420348293325,0.642346614224823,0.516072639757653,0.795208846470731
Sobrevida específica (DSS),ldlrap1,1.01836912009658,0.941813963402796,1.10114704715071,0.456508715701124,0.648024204844765,0.495032856901061,0.800211707497702
Sobrevida específica (DSS),bche,1.0171235745798,0.944634269694782,1.09517556069637,0.450084579094451,0.652649455648461,0.486881330929963,0.80389315821687
Sobrevida específica (DSS),numbl,1.01847199482739,0.939550937066748,1.10402231888147,0.444775451581679,0.656482036432611,0.49724555514511,0.804835869508889
Sobrevida específica (DSS),ahnak2,1.0181969940124,0.940363454850157,1.1024727867387,0.444464805938164,0.656706568372284,0.505712121904724,0.804835869508889
Sobrevida específica (DSS),rad51d,1.01793311603092,0.939917941304033,1.10242371506902,0.436896999699422,0.662186047923932,0.490374577320275,0.809522443587006
Sobrevida específica (DSS),tubb1,1.01745418310909,0.939978841036616,1.10131523129238,0.428204515572329,0.668502229016324,0.506011101790297,0.815205960072275
Sobrevida específica (DSS),map3k3,1.01718752692755,0.940323708583368,1.10033433751847,0.425093706915308,0.670768365283151,0.503315958730892,0.815934653292191
Sobrevida específica (DSS),smarcc2,0.983638053493009,0.910823669580849,1.06227347025881,-0.420421714146945,0.674177408114151,0.528524781355516,0.818046532426352
Sobrevida específica (DSS),tg,0.983775150971565,0.910091644876246,1.06342427503631,-0.411818512090447,0.680472451686699,0.50715945635079,0.822608984393833
Sobrevida específica (DSS),smarcc1,1.01702189098332,0.938311771426598,1.10233459521316,0.410687192209877,0.681301919589984,0.502543799935509,0.822608984393833
Sobrevida específica (DSS),msh2,1.01641623085624,0.939061701759832,1.10014278338892,0.403172999788951,0.686820961001832,0.516476015512361,0.825573426523418
Sobrevida específica (DSS),nr1i2,1.01623592170862,0.939263046789489,1.09951674570928,0.400763826692367,0.68859401364308,0.510339515133695,0.825573426523418
Sobrevida específica (DSS),folr2,0.983722108003758,0.907693220310646,1.0661192175085,-0.399898120414876,0.689231556726434,0.499647895589305,0.825573426523418
Sobrevida específica (DSS),inhbc,1.01622707119938,0.938811927766785,1.10002592606068,0.398162658757126,0.690510289259873,0.499992587275564,0.825573426523418
Sobrevida específica (DSS),adam10,0.984841989938172,0.913041886966679,1.06228833418326,-0.3954668042914,0.692498415558434,0.50140656446167,0.825931037092864
Sobrevida específica (DSS),ptprm,0.98437979935421,0.909851857147806,1.06501248721331,-0.391930070132446,0.695109884104905,0.511013455330305,0.826949400257233
Sobrevida específica (DSS),myo3a,1.01584178895445,0.938186879600891,1.09992429293529,0.387380749772486,0.698474352927607,0.507886521072522,0.826949400257233
Sobrevida específica (DSS),eif5a2,1.01532109064049,0.93988614238653,1.09681042267719,0.386017026879949,0.699484058672944,0.507952617865407,0.826949400257233
Sobrevida específica (DSS),cdh1,1.0159671473215,0.937284382306712,1.10125514083176,0.385162978650311,0.70011667015643,0.516427832803529,0.826949400257233
Sobrevida específica (DSS),rab25,1.01619827440304,0.935708612040693,1.10361165817165,0.381650286856899,0.70272077899996,0.512015408583194,0.828025207062603
Sobrevida específica (DSS),cyp3a43,0.98469382304661,0.909153653505169,1.0665105083259,-0.378762068849017,0.704864556986645,0.497197372436278,0.828554731650167
Sobrevida específica (DSS),slc29a1,1.01493978085137,0.938530077441966,1.09757032141395,0.371342599097741,0.710382373055111,0.503663739052333,0.833038322359591
Sobrevida específica (DSS),hist1h2bc,1.01436379321588,0.938464262980983,1.09640179767629,0.359412173021007,0.719286769537579,0.510637877292231,0.840285597176463
Sobrevida específica (DSS),aff2,0.985100727752619,0.906545038638992,1.07046357594726,-0.354038981555736,0.723309669694291,0.50351363138251,0.840285597176463
Sobrevida específica (DSS),cyp19a1,1.0143968205432,0.936823695809332,1.09839334138447,0.352162535354192,0.724716371916812,0.502069385571626,0.840285597176463
Sobrevida específica (DSS),prkd1,0.985939430466663,0.911154880849253,1.06686204615717,-0.351839169806039,0.72495888114275,0.502134246910438,0.840285597176463
Sobrevida específica (DSS),tgfb2,1.01404247672245,0.93819821774276,1.0960180110674,0.351578433086092,0.725154441735107,0.517478586492286,0.840285597176463
Sobrevida específica (DSS),gldc,0.986330213144772,0.91187800036607,1.0668612346955,-0.343723025819511,0.731054593010932,0.475861698329296,0.843673462628592
Sobrevida específica (DSS),akt2,1.0138378971401,0.93708819070019,1.09687358338112,0.342168805055289,0.732223859841514,0.504054142539278,0.843673462628592
Sobrevida específica (DSS),hdac1,1.01420429081279,0.935185182499346,1.09990017244931,0.340800157428932,0.733254031936916,0.50494861128785,0.843673462628592
Sobrevida específica (DSS),usp9x,0.986524302242045,0.910815115146477,1.06852662272479,-0.333025830138657,0.739114785351436,0.499096265345884,0.848420493044254
Sobrevida específica (DSS),fanca,0.986927296674341,0.910510615975038,1.06975742163958,-0.320023759563861,0.748950319421849,0.508064426458979,0.857697204209096
Sobrevida específica (DSS),taf1,0.987542397671474,0.9134119388534,1.0676891178179,-0.314866563371241,0.75286296981337,0.511702838702823,0.859383331338695
Sobrevida específica (DSS),izumo1r,0.987651019594508,0.913757642772773,1.06751997558793,-0.313181297597889,0.754142926586779,0.494272434919368,0.859383331338695
Sobrevida específica (DSS),hsd17b12,0.987586843385918,0.91285825946622,1.06843287346632,-0.311138999824526,0.755694953937912,0.48785363328511,0.859383331338695
Sobrevida específica (DSS),arid5b,0.988085683071743,0.914591343995289,1.06748584873594,-0.303936174840656,0.76117651712961,0.512579393367341,0.863608623843108
Sobrevida específica (DSS),pik3ca,1.0119842788681,0.935699891844827,1.09448786902929,0.297921058864429,0.765763414725448,0.512409518432357,0.866801643057278
Sobrevida específica (DSS),rad51c,1.01178604041909,0.935837134711183,1.09389866421883,0.294308174259151,0.768522426963755,0.503110873354838,0.867915627679621
Sobrevida específica (DSS),mmp16,1.01122564344735,0.933252322623194,1.09571364268479,0.272663558514124,0.785111849667493,0.502969413863524,0.883091413070467
Sobrevida específica (DSS),nrg3,1.01219426105437,0.927183659384181,1.10499922182827,0.270800811565784,0.78654423565341,0.494386096694048,0.883091413070467
Sobrevida específica (DSS),myc,1.0111079836441,0.933114733734655,1.09562020363464,0.269716937812248,0.787378028831745,0.509683489021137,0.883091413070467
Sobrevida específica (DSS),mmp2,0.990683374646176,0.915605961268845,1.07191694933947,-0.232789037457653,0.81592522593968,0.507078534109034,0.913014726509162
Sobrevida específica (DSS),atm,0.990812456069449,0.915754857380643,1.07202196656688,-0.229643003589758,0.81836918771969,0.503489540028094,0.913658750673352
Sobrevida específica (DSS),psen1,0.990718425296998,0.913598665267162,1.07434810879013,-0.225527275667258,0.821569108948813,0.509823095331343,0.915141900400841
Sobrevida específica (DSS),rad50,1.00906154655918,0.931639848326482,1.09291718959148,0.22147544996543,0.824722250072168,0.497889226716941,0.916566318830205
Sobrevida específica (DSS),smad3,1.0087457515197,0.931835262473357,1.09200416874987,0.215199698624104,0.82961162588591,0.485703943198764,0.919909489927914
Sobrevida específica (DSS),kmt2d,0.991641605740013,0.91765500103624,1.07159343448704,-0.212160770144702,0.831981610914912,0.495908176111507,0.920450243749756
Sobrevida específica (DSS),smad1,0.991796189937585,0.915448857045585,1.07451079850519,-0.201558787766092,0.840261666493472,0.516831208558237,0.926585796184708
Sobrevida específica (DSS),acvr2b,1.00766605893832,0.935078713456843,1.08588814152612,0.200208954042884,0.841317164633968,0.501763610688655,0.926585796184708
Sobrevida específica (DSS),sox9,1.00774589044596,0.930382085322328,1.09154270673525,0.189333149026311,0.849831715983969,0.507057531389799,0.933860020485754
Sobrevida específica (DSS),kdm6a,1.00729444233122,0.931117546128022,1.08970354792547,0.181146566858702,0.856252534094951,0.48866965070007,0.936856838974565
Sobrevida específica (DSS),mlst8,1.00712471281463,0.930641208594486,1.08989391163305,0.176177636085328,0.860154389789181,0.495492445816073,0.936856838974565
Sobrevida específica (DSS),mmp21,1.00710623117507,0.930585452858898,1.08991920919857,0.175629821191696,0.860584772577854,0.499319882533027,0.936856838974565
Sobrevida específica (DSS),thada,1.00682430492647,0.930961637632179,1.0888689071753,0.170158836560619,0.864885223225218,0.500012354540726,0.936856838974565
Sobrevida específica (DSS),akr1c2,0.99279873518915,0.913221529406604,1.07931021866472,-0.169543686361773,0.865369012955274,0.51400943145639,0.936856838974565
Sobrevida específica (DSS),rb1,0.993299026671904,0.918558139283599,1.07412140200168,-0.168457738383688,0.866223188369919,0.508082340543032,0.936856838974565
Sobrevida específica (DSS),hsd3b2,1.006731585232,0.930758710380619,1.08890572110711,0.167585338835292,0.866909505983744,0.504188189306157,0.936856838974565
Sobrevida específica (DSS),agtr2,0.993386852497251,0.918683450043588,1.07416481560387,-0.166344582040031,0.867885783344536,0.505683706461054,0.936856838974565
Sobrevida específica (DSS),pdpk1,1.00606861913856,0.930442591228371,1.08784150248226,0.151747417798185,0.879386156217068,0.493834466450627,0.947180243150101
Sobrevida específica (DSS),agmo,1.00569932587968,0.931101334360014,1.08627396047075,0.144527275561448,0.885084119768185,0.506150708100502,0.951222273772841
Sobrevida específica (DSS),lfng,0.994579113970337,0.917068241430829,1.07864122783564,-0.131303153628814,0.895535497156675,0.513703038846382,0.958206069771617
Sobrevida específica (DSS),opcml,0.994841608765012,0.919602581130423,1.07623646000814,-0.128893408627328,0.897441992316456,0.497950999420572,0.958206069771617
Sobrevida específica (DSS),vegfb,0.994771437417996,0.91821388510439,1.07771209818959,-0.128300939770464,0.897910821423968,0.517051737110199,0.958206069771617
Sobrevida específica (DSS),akr1c1,0.994953886464476,0.918636863439163,1.07761105131867,-0.124242563134109,0.901123222784366,0.508887238871339,0.958206069771617
Sobrevida específica (DSS),dtx1,0.99530643817853,0.922060947982912,1.07437030930193,-0.120629876878619,0.903984203313509,0.499089470348485,0.958206069771617
Sobrevida específica (DSS),sdc4,1.00481454656322,0.928138875581124,1.08782456973683,0.118594888306698,0.905596315311537,0.489968112930386,0.958206069771617
Sobrevida específica (DSS),arl11,1.00473945696369,0.92902919915456,1.08661964263165,0.118289797099869,0.905838041375994,0.50128610768959,0.958206069771617
Sobrevida específica (DSS),myo1a,0.995426187890522,0.92153803235194,1.07523863449169,-0.116497196575931,0.90725850777967,0.50223926050661,0.958206069771617
Sobrevida específica (DSS),dll1,1.00454560711843,0.928564740771428,1.08674369429814,0.113019504856191,0.910015091650946,0.501413977186105,0.959046077192484
Sobrevida específica (DSS),or6a2,1.00443246692846,0.927517235141223,1.08772596604783,0.10880697201408,0.913355593786995,0.505691736912526,0.960095900422352
Sobrevida específica (DSS),clrn2,0.99571519602674,0.920270588119017,1.07734482053266,-0.106812140899343,0.914938015535411,0.499910429579736,0.960095900422352
Sobrevida específica (DSS),birc6,1.00392991368982,0.92752152257712,1.0866327595298,0.0971102693721982,0.922638825629648,0.507555419381062,0.963017189041759
Sobrevida específica (DSS),mapk4,1.00394245540221,0.927101933243511,1.08715171182184,0.0968506997501691,0.922844960568432,0.511965990420289,0.963017189041759
Sobrevida específica (DSS),eif4e,0.996210966148631,0.921813314105399,1.07661309929975,-0.0958622419988293,0.923629982945981,0.497695260427541,0.963017189041759
Sobrevida específica (DSS),dnah5,1.0035284851964,0.928703614378791,1.08438193306075,0.0890917327727757,0.929009007559989,0.499591682429002,0.965645602282856
Sobrevida específica (DSS),ugt2b7,0.996441820857329,0.920158386554331,1.07904934287619,-0.0877185629570832,0.930100365389009,0.503112108808911,0.965645602282856
Sobrevida específica (DSS),clk3,1.00317055046484,0.926725275453613,1.08592177204548,0.0782746474599014,0.937609583970626,0.499478638381358,0.971379420681432
Sobrevida específica (DSS),foxo1,1.00299893116431,0.926483650211334,1.08583336110386,0.073960369093535,0.94104191973725,0.502542564481437,0.971781672212878
Sobrevida específica (DSS),nrarp,0.99711158803445,0.921115296793787,1.0793779263609,-0.0715130658817038,0.942989426112922,0.509197955570601,0.971781672212878
Sobrevida específica (DSS),ctbp2,1.00282950093076,0.926856643305042,1.08502972406926,0.0702939446610502,0.943959702047274,0.493406999341503,0.971781672212878
Sobrevida específica (DSS),spen,0.997723835110433,0.921753340098926,1.07995578409364,-0.056393314232696,0.955028482950823,0.507049500938327,0.98085073494995
Sobrevida específica (DSS),e2f1,1.00209160858083,0.926111846518424,1.08430487717353,0.0519367436967475,0.958579096535048,0.503875619425786,0.98085073494995
Sobrevida específica (DSS),akt1s1,1.0019985514342,0.928924083412113,1.08082147400932,0.051676317411692,0.958786607987886,0.508126199162609,0.98085073494995
Sobrevida específica (DSS),pik3r3,1.00155846431185,0.928330450859989,1.08056280660129,0.0401997417023348,0.967933883556776,0.507586305732878,0.986592678897587
Sobrevida específica (DSS),bmp15,0.998508262242726,0.923296982975552,1.07984621216226,-0.0373627844617725,0.970195745636182,0.495751273444285,0.986592678897587
Sobrevida específica (DSS),acvr1,1.00150208192055,0.925039302370364,1.08428519471664,0.0370412652709336,0.970452103373701,0.503310399187565,0.986592678897587
Sobrevida específica (DSS),tnk2,0.998779125014671,0.923323232588642,1.08040142970117,-0.0304799773165846,0.97568426174816,0.511887539086678,0.989853950196785
Sobrevida específica (DSS),brca2,1.00087108760568,0.924238302995901,1.083857843543,0.0214240759075254,0.982907368174695,0.509563032249058,0.995117397593014
Sobrevida específica (DSS),rbpj,1.00047172310639,0.925270317420217,1.08178512796806,0.0118291647272313,0.990561912208043,0.505376078396974,0.996323693076945
Sobrevida específica (DSS),pde4dip,0.9995913427629,0.924460040999303,1.08082860071103,-0.0102527629174609,0.991819622081896,0.501956341523982,0.996323693076945
Sobrevida específica (DSS),bbc3,0.999659063127512,0.922822640564528,1.08289307020215,-0.00835660329480244,0.993332472852449,0.499476167473212,0.996323693076945
Sobrevida específica (DSS),slco1b3,0.999727902415017,0.920944013971875,1.08525150682792,-0.00649791306558377,0.994815451971977,0.501294138141062,0.996323693076945
Sobrevida específica (DSS),kdm3a,1.00022350706401,0.924462176538734,1.08219361426898,0.00556094483410092,0.995563030841625,0.509645807671923,0.996323693076945
Sobrevida específica (DSS),hla-g,0.999816165807062,0.924603732746665,1.08114679835824,-0.00460758374275827,0.996323693076945,0.483825435281356,0.996323693076945
