subtipo,gene,diff_z,fdr_subtipo,HR_OS,IC95_inf,IC95_sup,fdr_OS,direcao_subtipo,direcao_risco,coerencia,escore_prioridade,posicao_RF,coef_LASSO
Basal,aurka,1.10688000296524,1.0887380406936e-66,1.19059639798958,1.12337575901865,1.26183939036042,0.000000260518764645943,Superexpresso,Maior risco de óbito,Marcador de pior prognóstico no subtipo,1.27140174052531,2,0.024429104247341
Basal,igf1,-0.602767583490937,2.57041010043726e-16,0.80409353565481,0.750004336735238,0.862083567271557,0.000000102898015516973,Subexpresso,Menor risco de óbito,Marcador de pior prognóstico no subtipo,0.918360133835176,96,
Basal,lama2,-0.714652262017094,5.50364251325423e-25,0.836019289234385,0.78757278023376,0.887445921841682,0.000000260518764645943,Subexpresso,Menor risco de óbito,Marcador de pior prognóstico no subtipo,0.842751457149824,36,
Basal,fancd2,1.10845806990677,7.11699183798231e-60,1.16278654745772,1.09619884514148,1.23341906529206,0.0000154413112540379,Superexpresso,Maior risco de óbito,Marcador de pior prognóstico no subtipo,0.804340830263559,18,
Basal,bcl2,-0.916568626122219,3.25564393260991e-46,0.848651657435112,0.798322775155193,0.902153437282751,0.00000500111289918467,Subexpresso,Menor risco de óbito,Marcador de pior prognóstico no subtipo,0.797339070764697,9,-0.0233829477224504
Basal,abcb1,-0.574425585030159,3.95154369268863e-17,0.821682435024062,0.770195100398744,0.876611684075279,0.000000260518764645943,Subexpresso,Menor risco de óbito,Marcador de pior prognóstico no subtipo,0.742811389220275,34,-0.00546018561644415
Basal,vegfa,0.860493108475283,1.90685048256647e-31,1.16458886853576,1.09984047363737,1.23314904772689,0.00000581283519367319,Superexpresso,Maior risco de óbito,Marcador de pior prognóstico no subtipo,0.686450088527055,115,0.0300249821148067
Basal,flt3,-0.524139263261108,9.94243573593052e-12,0.819832928570812,0.767249768035087,0.876019855294706,0.000000260518764645943,Subexpresso,Menor risco de óbito,Marcador de pior prognóstico no subtipo,0.685560822221585,138,-0.0843940857789602
Basal,e2f7,0.97438726278261,3.31156661571614e-44,1.1478474004887,1.08443478151925,1.21496808960961,0.0000509308374943492,Superexpresso,Maior risco de óbito,Marcador de pior prognóstico no subtipo,0.576795736943173,15,0.0111948703000741
Basal,stat5b,-0.514478825367499,2.7345776617876e-12,0.838352623752956,0.789452827075509,0.890281341264032,0.00000048458950633754,Subexpresso,Menor risco de óbito,Marcador de pior prognóstico no subtipo,0.572806625355439,78,
Basal,kit,0.570037699018001,1.99201207827148e-16,0.846375388812785,0.793721792258563,0.902521898447049,0.0000109645940866009,Superexpresso,Menor risco de óbito,Marcador de melhor prognóstico no subtipo,0.471587074187319,29,
Basal,tgfb3,-1.40997751082609,9.83391039130888e-91,0.893617077270398,0.843457551649554,0.946759536656655,0.0015062272134715,Subexpresso,Menor risco de óbito,Marcador de pior prognóstico no subtipo,0.447562125299269,31,
Basal,e2f2,1.1961738028959,1.20591830736755e-73,1.12186372193316,1.05939162386564,1.18801978629704,0.00102323057293891,Superexpresso,Maior risco de óbito,Marcador de pior prognóstico no subtipo,0.411277032281583,10,
Basal,slc19a1,0.730398623785512,2.50390745563735e-24,1.14206130724165,1.0784461073269,1.20942903000636,0.000123517776223097,Superexpresso,Maior risco de óbito,Marcador de pior prognóstico no subtipo,0.379189594363204,95,
Basal,lamb3,0.709581426992778,7.6028295940218e-24,0.872326528490745,0.820315525219307,0.927635219515415,0.000260437933066788,Superexpresso,Menor risco de óbito,Marcador de melhor prognóstico no subtipo,0.347399863809907,21,-0.0141186009190412
Basal,eif4ebp1,0.850083249064157,4.42589804555357e-31,1.12624152349503,1.06376051825437,1.1923924111471,0.000683518383483835,Superexpresso,Maior risco de óbito,Marcador de pior prognóstico no subtipo,0.319889641250125,196,
Basal,cdc25a,1.45290663005943,9.96495555795653e-108,1.09749418000599,1.03755874697821,1.16089183253959,0.00731791565049606,Superexpresso,Maior risco de óbito,Marcador de pior prognóstico no subtipo,0.288656380149787,5,
Basal,pten,-0.996311101090107,1.18074361246973e-41,0.895461544429001,0.843641435281966,0.95046466901329,0.00261141749307362,Subexpresso,Menor risco de óbito,Marcador de pior prognóstico no subtipo,0.284166048354069,229,
Basal,cdk2,0.878183120895772,8.41684923727845e-34,1.11901509635687,1.05496388907705,1.18695511651122,0.00190000646300885,Superexpresso,Maior risco de óbito,Marcador de pior prognóstico no subtipo,0.268724959705008,59,
Basal,ar,-1.19219851251325,1.01047221604327e-70,1.10704302036738,1.04134702804715,1.1768836093405,0.00722019581251663,Subexpresso,Maior risco de óbito,Marcador de melhor prognóstico no subtipo,0.25962452236505,17,
Basal,ccne1,1.66716272379512,1.04024288025314e-148,1.09132319909041,1.02974889369178,1.15657936820217,0.0169289641313711,Superexpresso,Maior risco de óbito,Marcador de pior prognóstico no subtipo,0.258079444120805,11,
Basal,ccnb1,0.681935077873916,2.28295298233232e-23,1.12777384252724,1.06387741938905,1.19550788155561,0.000719015371730211,Superexpresso,Maior risco de óbito,Marcador de pior prognóstico no subtipo,0.257746586478322,14,0.00404106146142863
Basal,acvr1b,-0.924457368215949,1.53733168483552e-38,1.11653544897347,1.05100572934578,1.1861509162185,0.00303872137211378,Subexpresso,Maior risco de óbito,Marcador de melhor prognóstico no subtipo,0.256522450389388,75,0.0287259604074449
Basal,mapt,-1.11082412236086,5.70429820589419e-74,0.904472603494524,0.85224993744363,0.959895277817221,0.00618963418889861,Subexpresso,Menor risco de óbito,Marcador de pior prognóstico no subtipo,0.246296415611948,6,
Basal,hsd17b11,-0.67316411994315,1.20492257316778e-20,0.88846668443872,0.838479736767224,0.941433662310047,0.000805963201260038,Subexpresso,Menor risco de óbito,Marcador de pior prognóstico no subtipo,0.246279363904534,52,
Basal,cdk1,1.03706380372776,2.35789771259052e-56,1.10366061104452,1.04140569382585,1.16963710837447,0.00616509847534487,Superexpresso,Maior risco de óbito,Marcador de pior prognóstico no subtipo,0.22606300894918,4,
Basal,chek1,1.57436975490414,5.50942672027361e-129,1.08833819034241,1.02732779904567,1.15297183397365,0.0205198079890586,Superexpresso,Maior risco de óbito,Marcador de pior prognóstico no subtipo,0.22494248671567,7,
Basal,raf1,0.702249018093468,3.61795054592768e-20,1.12042466328857,1.05587681097271,1.18891845436859,0.00187662063465622,Superexpresso,Maior risco de óbito,Marcador de pior prognóstico no subtipo,0.217724090757385,402,0.02131880900008
Basal,nrip1,-1.10744184953267,3.62258760961237e-56,0.910629473714806,0.859281254477523,0.965046117411603,0.0092487498972695,Subexpresso,Menor risco de óbito,Marcador de pior prognóstico no subtipo,0.210872052722802,64,-0.0408221900372048
Basal,bcl2l1,-0.909599494499443,6.60569116733769e-36,1.10454215678156,1.04020990167721,1.17285306950121,0.00731791565049606,Subexpresso,Maior risco de óbito,Marcador de melhor prognóstico no subtipo,0.1931497298348,107,
Basal,taf4b,0.805468284352445,3.11286124739724e-27,0.895433772242526,0.838144026064829,0.956639450425985,0.00691327854674616,Superexpresso,Menor risco de óbito,Marcador de melhor prognóstico no subtipo,0.192185095529473,257,
Basal,rbl1,1.03175164929355,7.90883837308603e-46,1.09259656641107,1.03080494999023,1.15809228209914,0.0154184554458111,Superexpresso,Maior risco de óbito,Marcador de pior prognóstico no subtipo,0.16555665145348,121,
Basal,mmp7,1.10036895842564,4.16602139134298e-60,0.915567730635292,0.861426410567903,0.973111874789195,0.0225380678564403,Superexpresso,Menor risco de óbito,Marcador de melhor prognóstico no subtipo,0.159873442562183,19,
Basal,nr3c1,-0.514133495719615,3.21353107835569e-12,0.891752996443533,0.839106736738973,0.947702326591373,0.00214961121568588,Subexpresso,Menor risco de óbito,Marcador de pior prognóstico no subtipo,0.157130047461185,73,-0.0276001173156039
Basal,igf1r,-0.698766003384871,7.87695290000234e-27,0.90644320129137,0.853255678776895,0.962946157411024,0.00877536387584546,Subexpresso,Menor risco de óbito,Marcador de pior prognóstico no subtipo,0.141169394126077,8,-0.00250637395851106
Basal,nek1,-0.572360992445859,5.29794991507155e-14,0.903631533453678,0.851945572693144,0.958453185771707,0.00544558353357281,Subexpresso,Menor risco de óbito,Marcador de pior prognóstico no subtipo,0.131308061358009,355,
Basal,kdm5a,0.570274185407047,6.83057292452542e-14,1.10293111767393,1.0408000344742,1.16877114723387,0.00618963418889861,Superexpresso,Maior risco de óbito,Marcador de pior prognóstico no subtipo,0.12338077419216,386,
Basal,map3k1,-0.630795413375163,2.46345806434666e-17,0.908248574484604,0.85506707030015,0.964737740121075,0.0103132105481514,Subexpresso,Menor risco de óbito,Marcador de pior prognóstico no subtipo,0.120598851471742,192,
Basal,prkcq,0.523864121032433,1.91836874848794e-12,1.10421736105774,1.04134266115614,1.17088834054643,0.00618963418889861,Superexpresso,Maior risco de óbito,Marcador de pior prognóstico no subtipo,0.114688155874517,159,0.00703985191448786
Basal,bard1,0.655675290827656,8.08078387799491e-19,1.09510438529698,1.03225783671971,1.16177719561581,0.0142205995946616,Superexpresso,Maior risco de óbito,Marcador de pior prognóstico no subtipo,0.110026792918772,187,
Basal,adgra2,-0.577741228651401,1.46340704327221e-16,0.909830959167133,0.857174114590758,0.965722552942701,0.0108868781687761,Subexpresso,Menor risco de óbito,Marcador de pior prognóstico no subtipo,0.107174276458789,32,
Basal,adam17,1.03709033265159,8.18959768249807e-45,1.07919623871269,1.01766126261502,1.14445205338646,0.0443625335624459,Superexpresso,Maior risco de óbito,Marcador de pior prognóstico no subtipo,0.106944479290199,169,
Basal,e2f8,0.831765000623855,5.2117524018941e-30,1.08574974359495,1.02289550517769,1.15246620964643,0.0301831567144832,Superexpresso,Maior risco de óbito,Marcador de pior prognóstico no subtipo,0.104029606577842,128,
Basal,tgfbr2,-0.613573687986582,6.22077928545658e-19,0.917915231233129,0.869242355870946,0.96931352463324,0.0115893978912367,Subexpresso,Menor risco de óbito,Marcador de pior prognóstico no subtipo,0.101738885324739,12,
Basal,src,0.67035090771713,2.41166716581247e-19,1.08504398398678,1.02299562527926,1.15085579849329,0.0293123694006329,Superexpresso,Maior risco de óbito,Marcador de pior prognóstico no subtipo,0.0838743775584258,286,
Basal,tbx3,-0.758408987923025,5.71490013081471e-26,0.923820357579606,0.869750366486221,0.981251731489822,0.0411889686852515,Subexpresso,Menor risco de óbito,Marcador de pior prognóstico no subtipo,0.0832441059304339,140,
Basal,afdn,0.573552652183498,7.67112435152493e-14,1.08920353161044,1.02726276105953,1.15487913924673,0.0213309516687125,Superexpresso,Maior risco de óbito,Marcador de pior prognóstico no subtipo,0.081892192886445,307,0.0352360905597282
Basal,ctnna1,-0.791953305049773,4.43384160548431e-28,1.07916655119308,1.0165893853621,1.14559571640535,0.0486110805298214,Subexpresso,Maior risco de óbito,Marcador de melhor prognóstico no subtipo,0.0792399708006291,102,
Basal,dtx2,0.524508454301154,6.21978137417214e-13,1.08466581141945,1.02232952779815,1.15080303412161,0.0310794914097868,Superexpresso,Maior risco de óbito,Marcador de pior prognóstico no subtipo,0.0642625439226986,79,
Basal,tsc1,-0.598981689495766,2.57932650085797e-15,0.925957821195631,0.872545729331281,0.982639485600909,0.0443625335624459,Subexpresso,Menor risco de óbito,Marcador de pior prognóstico no subtipo,0.0623422692679061,420,
Her2,gsk3b,1.03718825801985,2.40370201795728e-49,1.2248866488133,1.1587775593845,1.29476730912706,0.000000000378283695357096,Superexpresso,Maior risco de óbito,Marcador de pior prognóstico no subtipo,1.98235069564419,103,0.0754372998484112
Her2,spry2,-0.605749002886842,4.77054124235081e-19,0.809747801858581,0.759021403005426,0.863864312677512,0.0000000264216737641463,Subexpresso,Menor risco de óbito,Marcador de pior prognóstico no subtipo,0.96872117674331,55,-0.006354772831943
Her2,lama2,-0.70857956580878,6.51200201415178e-26,0.836019289234385,0.78757278023376,0.887445921841682,0.000000260518764645943,Subexpresso,Menor risco de óbito,Marcador de pior prognóstico no subtipo,0.83559024903451,36,
Her2,bcl2,-0.955128013970553,5.42381478455133e-53,0.848651657435112,0.798322775155193,0.902153437282751,0.00000500111289918467,Subexpresso,Menor risco de óbito,Marcador de pior prognóstico no subtipo,0.830882556325969,9,-0.0233829477224504
Her2,stat5b,-0.668184152914324,8.94942082529836e-21,0.838352623752956,0.789452827075509,0.890281341264032,0.00000048458950633754,Subexpresso,Menor risco de óbito,Marcador de pior prognóstico no subtipo,0.743937924896016,78,
Her2,kit,-0.840013971151026,1.7479678148004e-35,0.846375388812785,0.793721792258563,0.902521898447049,0.0000109645940866009,Subexpresso,Menor risco de óbito,Marcador de pior prognóstico no subtipo,0.694936021975406,29,
Her2,abcb1,-0.500687566756975,5.52823346276362e-14,0.821682435024062,0.770195100398744,0.876611684075279,0.000000260518764645943,Subexpresso,Menor risco de óbito,Marcador de pior prognóstico no subtipo,0.647457976664708,34,-0.00546018561644415
Her2,aurka,0.55007563384692,3.12496322377842e-19,1.19059639798958,1.12337575901865,1.26183939036042,0.000000260518764645943,Superexpresso,Maior risco de óbito,Marcador de pior prognóstico no subtipo,0.631836437933643,2,0.024429104247341
Her2,rps6,-0.667290423819897,3.5552230213116e-19,0.854598681204659,0.807976949213905,0.903910571492544,0.00000164193211732952,Subexpresso,Menor risco de óbito,Marcador de pior prognóstico no subtipo,0.606501917429459,380,
Her2,vegfa,0.566721429169664,2.66533418129174e-15,1.16458886853576,1.09984047363737,1.23314904772689,0.00000581283519367319,Superexpresso,Maior risco de óbito,Marcador de pior prognóstico no subtipo,0.452096561136921,115,0.0300249821148067
Her2,erbb2,1.57364641707366,2.15813617040574e-116,1.11842660368969,1.05209068413651,1.18894510397409,0.00296606996389174,Superexpresso,Maior risco de óbito,Marcador de pior prognóstico no subtipo,0.445217204963017,16,
Her2,fancd2,0.514939840578313,2.91217985783032e-15,1.16278654745772,1.09619884514148,1.23341906529206,0.0000154413112540379,Superexpresso,Maior risco de óbito,Marcador de pior prognóstico no subtipo,0.373660628355009,18,
Her2,slc19a1,0.648936078330967,1.33039437291572e-20,1.14206130724165,1.0784461073269,1.20942903000636,0.000123517776223097,Superexpresso,Maior risco de óbito,Marcador de pior prognóstico no subtipo,0.336897962696913,95,
Her2,ncoa3,0.862859211875874,1.26115841797289e-33,1.12591072891609,1.06289822076428,1.19265884985379,0.000719015371730211,Superexpresso,Maior risco de óbito,Marcador de pior prognóstico no subtipo,0.321644987987554,82,
Her2,mmp15,1.01733276149734,3.81803505145265e-47,1.11534530452745,1.05517931331693,1.17894194155585,0.00129825444542124,Superexpresso,Maior risco de óbito,Marcador de pior prognóstico no subtipo,0.32057917826252,60,
Her2,rps6kb2,0.789043101680259,2.07544754630428e-28,1.1308322366223,1.0675398010718,1.1978771621445,0.000500263547621384,Superexpresso,Maior risco de óbito,Marcador de pior prognóstico no subtipo,0.320230162122365,178,
Her2,akt1,0.989081282737518,5.57025017049905e-43,1.11659687966124,1.0538369824873,1.18309436126118,0.00190000646300885,Superexpresso,Maior risco de óbito,Marcador de pior prognóstico no subtipo,0.296837158320239,83,0.000536802169581402
Her2,lifr,-0.530362986739291,7.53322111397008e-13,0.860912112408184,0.805744069559976,0.919857425318538,0.000190027263044771,Subexpresso,Menor risco de óbito,Marcador de pior prognóstico no subtipo,0.29556872360517,222,
Her2,tubb4b,0.568586548558347,4.31976523552773e-15,1.14418667086602,1.07815471179348,1.21426278016234,0.000190027263044771,Superexpresso,Maior risco de óbito,Marcador de pior prognóstico no subtipo,0.284987727915016,151,
Her2,tgfbr3,-0.832256978154753,1.11315958258956e-31,0.894824080055347,0.841972507771424,0.950993205664469,0.00302729355072368,Subexpresso,Menor risco de óbito,Marcador de pior prognóstico no subtipo,0.23297013445666,63,
Her2,mmp11,0.521664332199358,1.56113047867604e-12,1.13423080821744,1.06703433915953,1.20565897375235,0.000719015371730211,Superexpresso,Maior risco de óbito,Marcador de pior prognóstico no subtipo,0.206531426963856,150,
Her2,smad4,-1.1148771835639,3.46790955802592e-54,0.91700516359978,0.86813723590228,0.968623894118179,0.0109702563863415,Subexpresso,Menor risco de óbito,Marcador de pior prognóstico no subtipo,0.1893060146907,81,
Her2,e2f2,0.545493548898638,3.51624132052884e-18,1.12186372193316,1.05939162386564,1.18801978629704,0.00102323057293891,Superexpresso,Maior risco de óbito,Marcador de pior prognóstico no subtipo,0.187555493504906,10,
Her2,pdgfb,0.727717300099139,1.20454920343815e-22,1.10878603462696,1.04728964254968,1.17389346808656,0.00328411104634442,Superexpresso,Maior risco de óbito,Marcador de pior prognóstico no subtipo,0.186636917965153,200,
Her2,nr3c1,-0.571412823266441,1.73640707266527e-15,0.891752996443533,0.839106736738973,0.947702326591373,0.00214961121568588,Subexpresso,Menor risco de óbito,Marcador de pior prognóstico no subtipo,0.174635818882244,73,-0.0276001173156039
Her2,hes6,0.701048017007907,2.43357604321531e-23,1.10531647149412,1.04269372949971,1.17170024868415,0.0055065910409906,Superexpresso,Maior risco de óbito,Marcador de pior prognóstico no subtipo,0.158583531194615,72,
Her2,arrdc1,1.1239665051281,1.15680516467686e-55,1.08515405883293,1.02510204771541,1.14872400657666,0.0237262167178515,Superexpresso,Maior risco de óbito,Marcador de pior prognóstico no subtipo,0.149239736264952,71,
Her2,bcl2l1,0.699124932179406,3.36277026780773e-23,1.10454215678156,1.04020990167721,1.17285306950121,0.00731791565049606,Superexpresso,Maior risco de óbito,Marcador de pior prognóstico no subtipo,0.148456317959517,107,
Her2,igf1r,-0.669345629698256,4.61238794221317e-26,0.90644320129137,0.853255678776895,0.962946157411024,0.00877536387584546,Subexpresso,Menor risco de óbito,Marcador de pior prognóstico no subtipo,0.135225692932568,8,-0.00250637395851106
Her2,ar,0.517436953909772,6.55675423595331e-16,1.10704302036738,1.04134702804715,1.1768836093405,0.00722019581251663,Superexpresso,Maior risco de óbito,Marcador de pior prognóstico no subtipo,0.112682007738504,17,
Her2,tgfbr2,-0.589291726360269,1.85413165848563e-18,0.917915231233129,0.869242355870946,0.96931352463324,0.0115893978912367,Subexpresso,Menor risco de óbito,Marcador de pior prognóstico no subtipo,0.0977126049321329,12,
Her2,mmp7,-0.671280326179201,2.53794866441004e-25,0.915567730635292,0.861426410567903,0.973111874789195,0.0225380678564403,Subexpresso,Menor risco de óbito,Marcador de pior prognóstico no subtipo,0.0975308289540287,19,
Her2,dtx2,0.701691074675754,3.86784291944234e-23,1.08466581141945,1.02232952779815,1.15080303412161,0.0310794914097868,Superexpresso,Maior risco de óbito,Marcador de pior prognóstico no subtipo,0.0859708802341359,79,
Her2,jak1,-0.690234442326048,4.07320986151364e-21,0.930411831233698,0.880898091485315,0.982708651621677,0.0403559299200686,Subexpresso,Menor risco de óbito,Marcador de pior prognóstico no subtipo,0.0694051855852838,231,
Her2,kmt2c,0.522120815019729,2.72674409425601e-12,1.0741865633225,1.0174539471914,1.13408255578328,0.0403559299200686,Superexpresso,Maior risco de óbito,Marcador de pior prognóstico no subtipo,0.0520901210725303,290,
LumA,aurka,-0.956043824715138,2.25469691994912e-112,1.19059639798958,1.12337575901865,1.26183939036042,0.000000260518764645943,Subexpresso,Maior risco de óbito,Marcador de melhor prognóstico no subtipo,1.098145941299,2,0.024429104247341
LumA,bcl2,0.905295086846158,2.01246483458534e-100,0.848651657435112,0.798322775155193,0.902153437282751,0.00000500111289918467,Superexpresso,Menor risco de óbito,Marcador de melhor prognóstico no subtipo,0.787532021871224,9,-0.0233829477224504
LumA,fancd2,-0.775293866209746,2.33715591946191e-69,1.16278654745772,1.09619884514148,1.23341906529206,0.0000154413112540379,Subexpresso,Maior risco de óbito,Marcador de melhor prognóstico no subtipo,0.562583762954462,18,
LumA,e2f7,-0.623871732044251,1.39704150903048e-43,1.1478474004887,1.08443478151925,1.21496808960961,0.0000509308374943492,Subexpresso,Maior risco de óbito,Marcador de melhor prognóstico no subtipo,0.369305479645582,15,0.0111948703000741
LumA,e2f2,-0.926551057340486,3.35242013965089e-102,1.12186372193316,1.05939162386564,1.18801978629704,0.00102323057293891,Subexpresso,Maior risco de óbito,Marcador de melhor prognóstico no subtipo,0.318573411487363,10,
LumA,slc19a1,-0.500128739984739,3.31683976061881e-27,1.14206130724165,1.0784461073269,1.20942903000636,0.000123517776223097,Subexpresso,Maior risco de óbito,Marcador de melhor prognóstico no subtipo,0.259643991470449,95,
LumA,mapt,1.12142115912759,4.15018126566341e-162,0.904472603494524,0.85224993744363,0.959895277817221,0.00618963418889861,Superexpresso,Menor risco de óbito,Marcador de melhor prognóstico no subtipo,0.248646033449024,6,
LumA,rps6kb2,-0.579980360630627,2.37238617442696e-34,1.1308322366223,1.0675398010718,1.1978771621445,0.000500263547621384,Subexpresso,Maior risco de óbito,Marcador de melhor prognóstico no subtipo,0.235382838424199,178,
LumA,ccnb1,-0.579876999301358,5.39429287777313e-39,1.12777384252724,1.06387741938905,1.19550788155561,0.000719015371730211,Subexpresso,Maior risco de óbito,Marcador de melhor prognóstico no subtipo,0.219172355252931,14,0.00404106146142863
LumA,ncoa3,-0.578446566943246,3.47007541249694e-34,1.12591072891609,1.06289822076428,1.19265884985379,0.000719015371730211,Subexpresso,Maior risco de óbito,Marcador de melhor prognóstico no subtipo,0.215625488509784,82,
LumA,tgfb3,0.671215562641399,3.46188682057287e-52,0.893617077270398,0.843457551649554,0.946759536656655,0.0015062272134715,Superexpresso,Menor risco de óbito,Marcador de melhor prognóstico no subtipo,0.213060606600543,31,
LumA,eif4ebp1,-0.529157696162715,4.21764771639469e-29,1.12624152349503,1.06376051825437,1.1923924111471,0.000683518383483835,Subexpresso,Maior risco de óbito,Marcador de melhor prognóstico no subtipo,0.199124104346936,196,
LumA,cdc25a,-0.875085617777697,2.17963830871211e-95,1.09749418000599,1.03755874697821,1.16089183253959,0.00731791565049606,Subexpresso,Maior risco de óbito,Marcador de melhor prognóstico no subtipo,0.173857728723089,5,
LumA,igf1r,0.845494386635927,1.94777059403624e-85,0.90644320129137,0.853255678776895,0.962946157411024,0.00877536387584546,Superexpresso,Menor risco de óbito,Marcador de melhor prognóstico no subtipo,0.170812446112454,8,-0.00250637395851106
LumA,cdk1,-0.773216924804447,2.55623616176396e-73,1.10366061104452,1.04140569382585,1.16963710837447,0.00616509847534487,Subexpresso,Maior risco de óbito,Marcador de melhor prognóstico no subtipo,0.168548689061769,4,
LumA,acvr1b,0.557370580659504,5.16146021669196e-34,1.11653544897347,1.05100572934578,1.1861509162185,0.00303872137211378,Superexpresso,Maior risco de óbito,Marcador de pior prognóstico no subtipo,0.154661612359319,75,0.0287259604074449
LumA,ar,0.702126010543861,8.50816915028982e-60,1.10704302036738,1.04134702804715,1.1768836093405,0.00722019581251663,Superexpresso,Maior risco de óbito,Marcador de pior prognóstico no subtipo,0.152901658754168,17,
LumA,ccne1,-0.93780640224747,1.27211996474191e-117,1.09132319909041,1.02974889369178,1.15657936820217,0.0169289641313711,Subexpresso,Maior risco de óbito,Marcador de melhor prognóstico no subtipo,0.14517392425498,11,
LumA,nrip1,0.712740110340338,7.23115191797057e-56,0.910629473714806,0.859281254477523,0.965046117411603,0.0092487498972695,Superexpresso,Menor risco de óbito,Marcador de melhor prognóstico no subtipo,0.135715451053947,64,-0.0408221900372048
LumA,chek1,-0.922945345487368,3.36470797659902e-109,1.08833819034241,1.02732779904567,1.15297183397365,0.0205198079890586,Subexpresso,Maior risco de óbito,Marcador de melhor prognóstico no subtipo,0.131868400335996,7,
LumA,prkcq,-0.526859016599765,4.76977165028226e-28,1.10421736105774,1.04134266115614,1.17088834054643,0.00618963418889861,Subexpresso,Maior risco de óbito,Marcador de melhor prognóstico no subtipo,0.115343820265079,159,0.00703985191448786
LumA,map3k1,0.570548771170542,2.45734661805759e-32,0.908248574484604,0.85506707030015,0.964737740121075,0.0103132105481514,Superexpresso,Menor risco de óbito,Marcador de melhor prognóstico no subtipo,0.109080575179861,192,
LumA,runx1,0.684071344162252,2.87707133681456e-47,0.920615389963304,0.869540635784552,0.974690154040462,0.0224923353216767,Superexpresso,Menor risco de óbito,Marcador de melhor prognóstico no subtipo,0.0932444321092347,77,
LumA,rbl1,-0.555296564381601,8.83000038120676e-33,1.09259656641107,1.03080494999023,1.15809228209914,0.0154184554458111,Subexpresso,Maior risco de óbito,Marcador de melhor prognóstico no subtipo,0.0891038457031665,121,
LumA,mmp7,-0.529799511612325,6.01369263450325e-35,0.915567730635292,0.861426410567903,0.973111874789195,0.0225380678564403,Subexpresso,Menor risco de óbito,Marcador de pior prognóstico no subtipo,0.076974973840058,19,
LumA,e2f8,-0.55803779006005,2.73540584025906e-32,1.08574974359495,1.02289550517769,1.15246620964643,0.0301831567144832,Subexpresso,Maior risco de óbito,Marcador de melhor prognóstico no subtipo,0.0697942949174033,128,
LumA,tbx3,0.603699888713472,2.30197822056878e-38,0.923820357579606,0.869750366486221,0.981251731489822,0.0411889686852515,Superexpresso,Menor risco de óbito,Marcador de melhor prognóstico no subtipo,0.066263003585812,140,
LumA,ctnna1,0.562184507133383,1.40998191004576e-33,1.07916655119308,1.0165893853621,1.14559571640535,0.0486110805298214,Superexpresso,Maior risco de óbito,Marcador de pior prognóstico no subtipo,0.0562501395546492,102,
LumB,spry2,-0.895034173070226,1.15279121391242e-66,0.809747801858581,0.759021403005426,0.863864312677512,0.0000000264216737641463,Subexpresso,Menor risco de óbito,Marcador de pior prognóstico no subtipo,1.43134954119608,55,-0.006354772831943
LumB,abcb1,-0.815641958001294,1.22703326745401e-58,0.821682435024062,0.770195100398744,0.876611684075279,0.000000260518764645943,Subexpresso,Menor risco de óbito,Marcador de pior prognóstico no subtipo,1.05473737890257,34,-0.00546018561644415
LumB,stat5a,-0.558708587200994,9.94997985271776e-25,0.80712018362192,0.759187195353284,0.858079528734329,0.00000000168588703897088,Subexpresso,Menor risco de óbito,Marcador de pior prognóstico no subtipo,1.05033797448356,106,-0.0220268168331193
LumB,pdgfra,-0.724686904304315,1.54354763868333e-42,0.843659709865771,0.795542234182723,0.894687516850697,0.000000620241181650398,Subexpresso,Menor risco de óbito,Marcador de pior prognóstico no subtipo,0.764763736764711,98,-0.0290070591108804
LumB,ccnd2,-0.78402224987682,2.19836209697958e-52,0.845948426489695,0.796265993838513,0.898730758085751,0.00000227316914527909,Subexpresso,Menor risco de óbito,Marcador de pior prognóstico no subtipo,0.740209453014116,30,-0.0214531708589331
LumB,kit,-0.855071937232655,3.86338279478491e-62,0.846375388812785,0.793721792258563,0.902521898447049,0.0000109645940866009,Subexpresso,Menor risco de óbito,Marcador de pior prognóstico no subtipo,0.707393342219103,29,
LumB,lama2,-0.559009443150516,1.71596553704416e-28,0.836019289234385,0.78757278023376,0.887445921841682,0.000000260518764645943,Subexpresso,Menor risco de óbito,Marcador de pior prognóstico no subtipo,0.659210147108358,36,
LumB,bcl2,0.753147130971266,1.13532727218788e-57,0.848651657435112,0.798322775155193,0.902153437282751,0.00000500111289918467,Superexpresso,Menor risco de óbito,Marcador de melhor prognóstico no subtipo,0.655175855296679,9,-0.0233829477224504
LumB,lamb3,-0.94281654813229,5.22529259362072e-72,0.872326528490745,0.820315525219307,0.927635219515415,0.000260437933066788,Subexpresso,Menor risco de óbito,Marcador de pior prognóstico no subtipo,0.461588096812204,21,-0.0141186009190412
LumB,cyp11a1,-0.667282672182726,2.11944239682478e-35,0.87225315976645,0.816844350687797,0.931420501447955,0.000683518383483835,Subexpresso,Menor risco de óbito,Marcador de pior prognóstico no subtipo,0.28867471881766,124,-0.00625984320758905
LumB,ccnb1,0.696673579928645,1.12596299207518e-43,1.12777384252724,1.06387741938905,1.19550788155561,0.000719015371730211,Superexpresso,Maior risco de óbito,Marcador de pior prognóstico no subtipo,0.263317202681632,14,0.00404106146142863
LumB,rps6ka2,-0.782890131946842,5.20125861622395e-48,0.89366189629224,0.84258171437505,0.947838733335194,0.00190000646300885,Subexpresso,Menor risco de óbito,Marcador de pior prognóstico no subtipo,0.239520140134541,62,-0.0161552685020049
LumB,igf1r,0.862790627055827,7.95548174206086e-71,0.90644320129137,0.853255678776895,0.962946157411024,0.00877536387584546,Superexpresso,Menor risco de óbito,Marcador de melhor prognóstico no subtipo,0.174306748595557,8,-0.00250637395851106
LumB,adgra2,-0.832071651699385,3.24349459909623e-58,0.909830959167133,0.857174114590758,0.965722552942701,0.0108868781687761,Subexpresso,Menor risco de óbito,Marcador de pior prognóstico no subtipo,0.154354013198803,32,
LumB,akr1c3,-0.530752633957749,6.07974409424171e-22,0.893378624420042,0.838971072167097,0.951314524479438,0.00362006472553466,Subexpresso,Menor risco de óbito,Marcador de pior prognóstico no subtipo,0.146085432303776,119,
LumB,mmp3,-0.607086259339535,9.39999561651046e-28,0.899783559782706,0.846382852718727,0.956553469691205,0.00539586433701623,Subexpresso,Menor risco de óbito,Marcador de pior prognóstico no subtipo,0.145395156005785,204,
LumB,mapt,0.627734632367224,2.6106498696543e-46,0.904472603494524,0.85224993744363,0.959895277817221,0.00618963418889861,Superexpresso,Menor risco de óbito,Marcador de melhor prognóstico no subtipo,0.139183860698792,6,
LumB,cdk1,0.621489497489396,3.46354686786845e-39,1.10366061104452,1.04140569382585,1.16963710837447,0.00616509847534487,Superexpresso,Maior risco de óbito,Marcador de pior prognóstico no subtipo,0.135474582496998,4,
LumB,mmp7,-0.884962338405577,1.27354116926984e-71,0.915567730635292,0.861426410567903,0.973111874789195,0.0225380678564403,Subexpresso,Menor risco de óbito,Marcador de pior prognóstico no subtipo,0.128576850969338,19,
LumB,nrip1,0.59912200575243,2.57374006060842e-32,0.910629473714806,0.859281254477523,0.965046117411603,0.0092487498972695,Superexpresso,Menor risco de óbito,Marcador de melhor prognóstico no subtipo,0.114081012233492,64,-0.0408221900372048
LumB,ar,0.513152220326648,9.91193511497961e-27,1.10704302036738,1.04134702804715,1.1768836093405,0.00722019581251663,Superexpresso,Maior risco de óbito,Marcador de pior prognóstico no subtipo,0.111748923274546,17,
LumB,tgfbr2,-0.598242636634369,2.21887229113724e-32,0.917915231233129,0.869242355870946,0.96931352463324,0.0115893978912367,Subexpresso,Menor risco de óbito,Marcador de pior prognóstico no subtipo,0.0991967879271974,12,
LumB,pms2,0.598351732114407,3.17449615774964e-27,0.915319899539021,0.863872957683229,0.969830703740281,0.0147714898524465,Superexpresso,Menor risco de óbito,Marcador de melhor prognóstico no subtipo,0.0969164497422851,198,-0.0339272124943046
LumB,dtx2,-0.691947056659279,1.84447196391765e-38,1.08466581141945,1.02232952779815,1.15080303412161,0.0310794914097868,Subexpresso,Maior risco de óbito,Marcador de melhor prognóstico no subtipo,0.0847770474548309,79,
LumB,prkd1,-0.56394016327175,3.29017890654536e-25,0.919531368595495,0.865841878164309,0.976550059721931,0.0289508539478276,Subexpresso,Menor risco de óbito,Marcador de pior prognóstico no subtipo,0.0727781422296107,210,
LumB,mapk9,0.616049295156962,5.03725747985544e-29,1.08200989784332,1.02026922219308,1.14748675502959,0.0360617172380762,Superexpresso,Maior risco de óbito,Marcador de pior prognóstico no subtipo,0.0700657972986291,168,0.0266562323679023
Normal,spry2,0.977549308801468,1.95363880134053e-32,0.809747801858581,0.759021403005426,0.863864312677512,0.0000000264216737641463,Superexpresso,Menor risco de óbito,Marcador de melhor prognóstico no subtipo,1.56330875037968,55,-0.006354772831943
Normal,abcb1,1.02202336830796,1.86346160648174e-36,0.821682435024062,0.770195100398744,0.876611684075279,0.000000260518764645943,Superexpresso,Menor risco de óbito,Marcador de melhor prognóstico no subtipo,1.32161696451693,34,-0.00546018561644415
Normal,lama2,0.97567217445096,6.92823309695051e-33,0.836019289234385,0.78757278023376,0.887445921841682,0.000000260518764645943,Superexpresso,Menor risco de óbito,Marcador de melhor prognóstico no subtipo,1.15055837701864,36,
Normal,aurka,-0.938499197321911,3.03363521298759e-36,1.19059639798958,1.12337575901865,1.26183939036042,0.000000260518764645943,Subexpresso,Maior risco de óbito,Marcador de melhor prognóstico no subtipo,1.07799355825399,2,0.024429104247341
Normal,kit,0.92871753534248,7.2860433307642e-30,0.846375388812785,0.793721792258563,0.902521898447049,0.0000109645940866009,Superexpresso,Menor risco de óbito,Marcador de melhor prognóstico no subtipo,0.768319684808754,29,
Normal,stat5b,0.661274886046716,3.90631943666305e-14,0.838352623752956,0.789452827075509,0.890281341264032,0.00000048458950633754,Superexpresso,Menor risco de óbito,Marcador de melhor prognóstico no subtipo,0.736245336507587,78,
Normal,cdkn2c,0.508977550465997,0.00000000631669333327302,0.81506424673563,0.759973871104346,0.874148114252084,0.000000499959863954217,Superexpresso,Menor risco de óbito,Marcador de melhor prognóstico no subtipo,0.65581466432768,136,-0.0928779245862108
Normal,fancd2,-0.807099380200907,1.64563621140153e-24,1.16278654745772,1.09619884514148,1.23341906529206,0.0000154413112540379,Subexpresso,Maior risco de óbito,Marcador de melhor prognóstico no subtipo,0.585663096512619,18,
Normal,pdgfra,0.516099318193351,0.00000000190817424190205,0.843659709865771,0.795542234182723,0.894687516850697,0.000000620241181650398,Superexpresso,Menor risco de óbito,Marcador de melhor prognóstico no subtipo,0.544640783183691,98,-0.0290070591108804
Normal,e2f7,-0.836482023649552,1.61060279528961e-24,1.1478474004887,1.08443478151925,1.21496808960961,0.0000509308374943492,Subexpresso,Maior risco de óbito,Marcador de melhor prognóstico no subtipo,0.495161712082338,15,0.0111948703000741
Normal,lamb3,0.76059624393463,6.27555803098655e-20,0.872326528490745,0.820315525219307,0.927635219515415,0.000260437933066788,Superexpresso,Menor risco de óbito,Marcador de melhor prognóstico no subtipo,0.372375912764564,21,-0.0141186009190412
Normal,kras,-0.593444849371506,9.31205120382256e-11,1.15301206843197,1.08644864585104,1.2236536305942,0.0000627266663571727,Subexpresso,Maior risco de óbito,Marcador de melhor prognóstico no subtipo,0.355087205399659,281,0.0412669865804932
Normal,ccnb1,-0.90823232772551,1.95248200699162e-29,1.12777384252724,1.06387741938905,1.19550788155561,0.000719015371730211,Subexpresso,Maior risco de óbito,Marcador de melhor prognóstico no subtipo,0.34327869293709,14,0.00404106146142863
Normal,lifr,0.571082337936034,0.000000000248232236485135,0.860912112408184,0.805744069559976,0.919857425318538,0.000190027263044771,Superexpresso,Menor risco de óbito,Marcador de melhor prognóstico no subtipo,0.318261420795911,222,
Normal,slc19a1,-0.586442804785916,6.01165068315036e-12,1.14206130724165,1.0784461073269,1.20942903000636,0.000123517776223097,Subexpresso,Maior risco de óbito,Marcador de melhor prognóstico no subtipo,0.304454310320953,95,
Normal,e2f2,-0.855722762789674,1.95248200699162e-29,1.12186372193316,1.05939162386564,1.18801978629704,0.00102323057293891,Subexpresso,Maior risco de óbito,Marcador de melhor prognóstico no subtipo,0.294220720671111,10,
Normal,diras3,0.553259096680195,0.000000000772286233121827,0.861929299350424,0.804016458645068,0.92401356849173,0.000500263547621384,Superexpresso,Menor risco de óbito,Marcador de melhor prognóstico no subtipo,0.271340246150785,92,
Normal,tgfb3,0.765663524349792,9.55562536799485e-22,0.893617077270398,0.843457551649554,0.946759536656655,0.0015062272134715,Superexpresso,Menor risco de óbito,Marcador de melhor prognóstico no subtipo,0.243040751778622,31,
Normal,cdk1,-1.03931478636556,2.59812779167501e-41,1.10366061104452,1.04140569382585,1.16963710837447,0.00616509847534487,Subexpresso,Maior risco de óbito,Marcador de melhor prognóstico no subtipo,0.226553686481619,4,
Normal,mmp11,-0.5634965249435,0.000000000385132313167013,1.13423080821744,1.06703433915953,1.20565897375235,0.000719015371730211,Subexpresso,Maior risco de óbito,Marcador de melhor prognóstico no subtipo,0.223093154356736,150,
Normal,cdk2,-0.721729249527774,3.23149882706459e-17,1.11901509635687,1.05496388907705,1.18695511651122,0.00190000646300885,Subexpresso,Maior risco de óbito,Marcador de melhor prognóstico no subtipo,0.220849910323311,59,
Normal,tgfbr3,0.76791255431278,5.72595488197222e-19,0.894824080055347,0.841972507771424,0.950993205664469,0.00302729355072368,Superexpresso,Menor risco de óbito,Marcador de melhor prognóstico no subtipo,0.214958475236648,63,
Normal,rdh5,0.541093974269175,0.000000000795102483890493,0.87743822084636,0.82144821166005,0.937244515812083,0.00121325270130063,Superexpresso,Menor risco de óbito,Marcador de melhor prognóstico no subtipo,0.20630271972766,145,
Normal,eif4ebp1,-0.532161504704687,0.000000000935428558306937,1.12624152349503,1.06376051825437,1.1923924111471,0.000683518383483835,Subexpresso,Maior risco de óbito,Marcador de melhor prognóstico no subtipo,0.200254449213669,196,
Normal,rps6ka2,0.612475358601642,1.84084422951541e-12,0.89366189629224,0.84258171437505,0.947838733335194,0.00190000646300885,Superexpresso,Menor risco de óbito,Marcador de melhor prognóstico no subtipo,0.187382849438163,62,-0.0161552685020049
Normal,cdc25a,-0.938240725288741,5.76846245600605e-36,1.09749418000599,1.03755874697821,1.16089183253959,0.00731791565049606,Subexpresso,Maior risco de óbito,Marcador de melhor prognóstico no subtipo,0.186405076463779,5,
Normal,adgra2,0.945715993172001,2.3501144943698e-30,0.909830959167133,0.857174114590758,0.965722552942701,0.0108868781687761,Superexpresso,Menor risco de óbito,Marcador de melhor prognóstico no subtipo,0.175435683446561,32,
Normal,acvr1b,0.583037643987926,4.51893819682446e-12,1.11653544897347,1.05100572934578,1.1861509162185,0.00303872137211378,Superexpresso,Maior risco de óbito,Marcador de pior prognóstico no subtipo,0.16178382070086,75,0.0287259604074449
Normal,pten,0.541903290869692,0.00000000046803059775237,0.895461544429001,0.843641435281966,0.95046466901329,0.00261141749307362,Superexpresso,Menor risco de óbito,Marcador de melhor prognóstico no subtipo,0.154560675463737,229,
Normal,akr1c3,0.56057636821144,0.00000000046803059775237,0.893378624420042,0.838971072167097,0.951314524479438,0.00362006472553466,Superexpresso,Menor risco de óbito,Marcador de melhor prognóstico no subtipo,0.154294177456627,119,
Normal,prkcq,-0.634822424552635,6.65102391953517e-13,1.10421736105774,1.04134266115614,1.17088834054643,0.00618963418889861,Subexpresso,Maior risco de óbito,Marcador de melhor prognóstico no subtipo,0.138979957314588,159,0.00703985191448786
Normal,chek1,-0.966983207048484,1.63813186441432e-39,1.08833819034241,1.02732779904567,1.15297183397365,0.0205198079890586,Subexpresso,Maior risco de óbito,Marcador de melhor prognóstico no subtipo,0.138160433105516,7,
Normal,mapt,0.584321527316098,1.56818507905581e-16,0.904472603494524,0.85224993744363,0.959895277817221,0.00618963418889861,Superexpresso,Menor risco de óbito,Marcador de melhor prognóstico no subtipo,0.129558131522194,6,
Normal,ccne1,-0.801092328609766,1.57720968902291e-29,1.09132319909041,1.02974889369178,1.15657936820217,0.0169289641313711,Subexpresso,Maior risco de óbito,Marcador de melhor prognóstico no subtipo,0.124010367978007,11,
Normal,tgfbr2,0.627894767146224,2.23081629457859e-14,0.917915231233129,0.869242355870946,0.96931352463324,0.0115893978912367,Superexpresso,Menor risco de óbito,Marcador de melhor prognóstico no subtipo,0.104113515558852,12,
Normal,rbl1,-0.629791088682043,1.87808527424656e-13,1.09259656641107,1.03080494999023,1.15809228209914,0.0154184554458111,Subexpresso,Maior risco de óbito,Marcador de melhor prognóstico no subtipo,0.10105736572249,121,
Normal,bard1,-0.556934826903859,0.000000000252625522512266,1.09510438529698,1.03225783671971,1.16177719561581,0.0142205995946616,Subexpresso,Maior risco de óbito,Marcador de melhor prognóstico no subtipo,0.0934574685461345,187,
Normal,e2f8,-0.636586149412038,2.10463847843121e-13,1.08574974359495,1.02289550517769,1.15246620964643,0.0301831567144832,Subexpresso,Maior risco de óbito,Marcador de melhor prognóstico no subtipo,0.0796184097991228,128,
Normal,prkd1,0.596364398240482,1.74882673766991e-11,0.919531368595495,0.865841878164309,0.976550059721931,0.0289508539478276,Superexpresso,Menor risco de óbito,Marcador de melhor prognóstico no subtipo,0.0769625854346313,210,
Normal,hes1,0.530799933186069,0.00000000306251515549319,1.08837265009667,1.02515381717893,1.15549004025382,0.0260646962762992,Superexpresso,Maior risco de óbito,Marcador de pior prognóstico no subtipo,0.0711985097304292,143,
claudin.low,stat5a,0.791938267462768,6.01639951806317e-26,0.80712018362192,0.759187195353284,0.858079528734329,0.00000000168588703897088,Superexpresso,Menor risco de óbito,Marcador de melhor prognóstico no subtipo,1.4887955095339,106,-0.0220268168331193
claudin.low,abcb1,1.0340629180915,2.72349063805817e-50,0.821682435024062,0.770195100398744,0.876611684075279,0.000000260518764645943,Superexpresso,Menor risco de óbito,Marcador de melhor prognóstico no subtipo,1.33718576042952,34,-0.00546018561644415
claudin.low,igf1,0.837295081348407,1.65591532941122e-29,0.80409353565481,0.750004336735238,0.862083567271557,0.000000102898015516973,Superexpresso,Menor risco de óbito,Marcador de melhor prognóstico no subtipo,1.27567978774396,96,
claudin.low,cdkn2c,0.927932459556899,9.34571530350163e-36,0.81506424673563,0.759973871104346,0.874148114252084,0.000000499959863954217,Superexpresso,Menor risco de óbito,Marcador de melhor prognóstico no subtipo,1.19563566983633,136,-0.0928779245862108
claudin.low,ccnd2,1.25748647818469,3.3186444083913e-69,0.845948426489695,0.796265993838513,0.898730758085751,0.00000227316914527909,Superexpresso,Menor risco de óbito,Marcador de melhor prognóstico no subtipo,1.18721551376377,30,-0.0214531708589331
claudin.low,spry2,0.693988148628305,5.50635674663825e-23,0.809747801858581,0.759021403005426,0.863864312677512,0.0000000264216737641463,Superexpresso,Menor risco de óbito,Marcador de melhor prognóstico no subtipo,1.10983429239042,55,-0.006354772831943
claudin.low,pdgfra,0.929941829015858,3.78597219387413e-37,0.843659709865771,0.795542234182723,0.894687516850697,0.000000620241181650398,Superexpresso,Menor risco de óbito,Marcador de melhor prognóstico no subtipo,0.981369725198363,98,-0.0290070591108804
claudin.low,jak2,1.16821797640596,1.79998405795738e-55,0.858787331360974,0.807630393829366,0.913184652461115,0.0000321862534920601,Superexpresso,Menor risco de óbito,Marcador de melhor prognóstico no subtipo,0.798926915904993,116,-0.0102500149444498
claudin.low,lama2,0.601163343282126,5.8481822394616e-18,0.836019289234385,0.78757278023376,0.887445921841682,0.000000260518764645943,Superexpresso,Menor risco de óbito,Marcador de melhor prognóstico no subtipo,0.708920002724281,36,
claudin.low,stat5b,0.524373241025068,1.5362610408368e-12,0.838352623752956,0.789452827075509,0.890281341264032,0.00000048458950633754,Superexpresso,Menor risco de óbito,Marcador de melhor prognóstico no subtipo,0.583822796601414,78,
claudin.low,fas,1.07957435621698,8.58871198178567e-48,0.874553610020008,0.81949518893569,0.933311173909832,0.000719015371730211,Superexpresso,Menor risco de óbito,Marcador de melhor prognóstico no subtipo,0.454855017070292,144,
claudin.low,hsd17b11,1.18872526638241,1.58004257975552e-58,0.88846668443872,0.838479736767224,0.941433662310047,0.000805963201260038,Superexpresso,Menor risco de óbito,Marcador de melhor prognóstico no subtipo,0.434899148348298,52,
claudin.low,tubb4b,-0.809707209017406,3.27438058121912e-27,1.14418667086602,1.07815471179348,1.21426278016234,0.000190027263044771,Subexpresso,Maior risco de óbito,Marcador de melhor prognóstico no subtipo,0.405842555296751,151,
claudin.low,cyp11a1,0.915906229414578,4.80038532799483e-35,0.87225315976645,0.816844350687797,0.931420501447955,0.000683518383483835,Superexpresso,Menor risco de óbito,Marcador de melhor prognóstico no subtipo,0.396232337900712,124,-0.00625984320758905
claudin.low,ptpn22,1.12548913906481,8.85513643124507e-52,0.886418972550649,0.831585978203086,0.944867536842786,0.00210329132401889,Superexpresso,Menor risco de óbito,Marcador de melhor prognóstico no subtipo,0.363269770534107,129,
claudin.low,nr3c1,0.958510691885069,7.41897641277379e-38,0.891752996443533,0.839106736738973,0.947702326591373,0.00214961121568588,Superexpresso,Menor risco de óbito,Marcador de melhor prognóstico no subtipo,0.292941097520109,73,-0.0276001173156039
claudin.low,rdh5,0.752989827083024,5.61980669242835e-24,0.87743822084636,0.82144821166005,0.937244515812083,0.00121325270130063,Superexpresso,Menor risco de óbito,Marcador de melhor prognóstico no subtipo,0.287092181102742,145,
claudin.low,syne1,0.636196121317016,1.83861420900311e-16,0.873615510093337,0.819784137681609,0.930981735794524,0.000509983531847379,Superexpresso,Menor risco de óbito,Marcador de melhor prognóstico no subtipo,0.283017116616536,384,-0.0060590760645866
claudin.low,slc19a1,-0.544334709547819,5.12698240490217e-14,1.14206130724165,1.0784461073269,1.20942903000636,0.000123517776223097,Subexpresso,Maior risco de óbito,Marcador de melhor prognóstico no subtipo,0.282593711145686,95,
claudin.low,erbb2,-0.832669946562704,1.08273657340985e-33,1.11842660368969,1.05209068413651,1.18894510397409,0.00296606996389174,Subexpresso,Maior risco de óbito,Marcador de melhor prognóstico no subtipo,0.235579595418098,16,
claudin.low,akt1,-0.763114717262478,9.94167363749099e-25,1.11659687966124,1.0538369824873,1.18309436126118,0.00190000646300885,Subexpresso,Maior risco de óbito,Marcador de melhor prognóstico no subtipo,0.229021424323789,83,0.000536802169581402
claudin.low,acvr1b,-0.797579256444969,5.6978833130865e-29,1.11653544897347,1.05100572934578,1.1861509162185,0.00303872137211378,Subexpresso,Maior risco de óbito,Marcador de melhor prognóstico no subtipo,0.22131576022575,75,0.0287259604074449
claudin.low,tgfbr2,1.26782348576094,1.37803875063275e-71,0.917915231233129,0.869242355870946,0.96931352463324,0.0115893978912367,Superexpresso,Menor risco de óbito,Marcador de melhor prognóstico no subtipo,0.210222424389005,12,
claudin.low,ar,-0.955820379423556,1.1985759295678e-46,1.10704302036738,1.04134702804715,1.1768836093405,0.00722019581251663,Subexpresso,Maior risco de óbito,Marcador de melhor prognóstico no subtipo,0.208148564915999,17,
claudin.low,nfkb1,0.50305102337558,3.6780155847845e-11,0.886527389402915,0.836410444707645,0.939647295337468,0.000719015371730211,Superexpresso,Menor risco de óbito,Marcador de melhor prognóstico no subtipo,0.190447417953432,141,
claudin.low,mapt,-0.782306567921992,2.55052327582833e-38,0.904472603494524,0.85224993744363,0.959895277817221,0.00618963418889861,Subexpresso,Menor risco de óbito,Marcador de pior prognóstico no subtipo,0.173456175203835,6,
claudin.low,mmp15,-0.55031402638145,4.19191784577153e-14,1.11534530452745,1.05517931331693,1.17894194155585,0.00129825444542124,Subexpresso,Maior risco de óbito,Marcador de melhor prognóstico no subtipo,0.17341348380843,60,
claudin.low,hes6,-0.633992225416333,3.28960404346654e-18,1.10531647149412,1.04269372949971,1.17170024868415,0.0055065910409906,Subexpresso,Maior risco de óbito,Marcador de melhor prognóstico no subtipo,0.143414892300195,72,
claudin.low,igf1r,-0.680443387274009,2.9616216356792e-25,0.90644320129137,0.853255678776895,0.962946157411024,0.00877536387584546,Subexpresso,Menor risco de óbito,Marcador de pior prognóstico no subtipo,0.13746773634272,8,-0.00250637395851106
claudin.low,adgra2,0.734023309189313,2.08020455822821e-25,0.909830959167133,0.857174114590758,0.965722552942701,0.0108868781687761,Superexpresso,Menor risco de óbito,Marcador de melhor prognóstico no subtipo,0.136165489262179,32,
claudin.low,bcl2l1,-0.600748098123621,1.74473598240432e-16,1.10454215678156,1.04020990167721,1.17285306950121,0.00731791565049606,Subexpresso,Maior risco de óbito,Marcador de melhor prognóstico no subtipo,0.127566399885921,107,
claudin.low,sdc4,-0.99645341266114,4.62079374325682e-41,1.08629947060692,1.0234060590058,1.15305799634139,0.0293123694006329,Subexpresso,Maior risco de óbito,Marcador de melhor prognóstico no subtipo,0.12644279573767,125,
claudin.low,mmp19,0.586141186249437,5.51585759971836e-14,0.900951251574078,0.84472575001637,0.960919159499006,0.00901305391634632,Superexpresso,Menor risco de óbito,Marcador de melhor prognóstico no subtipo,0.125032880161515,414,
claudin.low,hes1,-0.840885443437303,1.36916518323668e-28,1.08837265009667,1.02515381717893,1.15549004025382,0.0260646962762992,Subexpresso,Maior risco de óbito,Marcador de melhor prognóstico no subtipo,0.112791631429539,143,
claudin.low,arrdc1,-0.801319010023412,8.51708842943077e-28,1.08515405883293,1.02510204771541,1.14872400657666,0.0237262167178515,Subexpresso,Maior risco de óbito,Marcador de melhor prognóstico no subtipo,0.106398755811995,71,
claudin.low,mmp7,0.669724764729885,1.10215536339641e-23,0.915567730635292,0.861426410567903,0.973111874789195,0.0225380678564403,Superexpresso,Menor risco de óbito,Marcador de melhor prognóstico no subtipo,0.0973048202483895,19,
claudin.low,afdn,-0.592550728355557,1.85154598463252e-14,1.08920353161044,1.02726276105953,1.15487913924673,0.0213309516687125,Subexpresso,Maior risco de óbito,Marcador de melhor prognóstico no subtipo,0.0846047496367813,307,0.0352360905597282
claudin.low,prkd1,0.599498164474245,1.46390638477188e-15,0.919531368595495,0.865841878164309,0.976550059721931,0.0289508539478276,Superexpresso,Menor risco de óbito,Marcador de melhor prognóstico no subtipo,0.0773670072146868,210,
claudin.low,tbx3,-0.662741730423402,5.14214549748179e-20,0.923820357579606,0.869750366486221,0.981251731489822,0.0411889686852515,Subexpresso,Menor risco de óbito,Marcador de pior prognóstico no subtipo,0.0727435245235836,140,
claudin.low,jak1,0.697368648583039,3.31343387145253e-20,0.930411831233698,0.880898091485315,0.982708651621677,0.0403559299200686,Superexpresso,Menor risco de óbito,Marcador de melhor prognóstico no subtipo,0.0701225518581136,231,
claudin.low,map3k13,-0.555031440090364,5.89456559114088e-13,1.07954481796476,1.0202974484069,1.14223260659356,0.0337478160460276,Subexpresso,Maior risco de óbito,Marcador de melhor prognóstico no subtipo,0.0625228052542777,191,
claudin.low,ctnna1,-0.527354547626288,3.78910255668305e-13,1.07916655119308,1.0165893853621,1.14559571640535,0.0486110805298214,Subexpresso,Maior risco de óbito,Marcador de melhor prognóstico no subtipo,0.0527651803320144,102,
claudin.low,kmt2c,-0.517844397101481,2.25983205663649e-11,1.0741865633225,1.0174539471914,1.13408255578328,0.0403559299200686,Subexpresso,Maior risco de óbito,Marcador de melhor prognóstico no subtipo,0.0516634781946557,290,
claudin.low,tulp4,-0.504306088542364,6.5141125610029e-11,1.07773916243096,1.01729231163592,1.14177772598078,0.0443625335624459,Subexpresso,Maior risco de óbito,Marcador de melhor prognóstico no subtipo,0.0510820560908334,263,
