gene,vezes_selecionado,freq_selecao_perc,HR,fdr
gsk3b,18,72,1.2248866488133,0.000000000378283695357096
stat5a,15,60,0.80712018362192,0.00000000168588703897088
flt3,8,32,0.819832928570812,0.000000260518764645943
spry2,8,32,0.809747801858581,0.0000000264216737641463
stat5b,3,12,0.838352623752956,0.00000048458950633754
aurka,3,12,1.19059639798958,0.000000260518764645943
vegfa,3,12,1.16458886853576,0.00000581283519367319
abcb1,3,12,0.821682435024062,0.000000260518764645943
lamb3,3,12,0.872326528490745,0.000260437933066788
bcl2,2,8,0.848651657435112,0.00000500111289918467
igf1,2,8,0.80409353565481,0.000000102898015516973
mmp25,2,8,0.887704652281163,0.00206052702244643
ccnd2,1,4,0.845948426489695,0.00000227316914527909
ep300,1,4,1.09812067368615,0.00754505224677868
casp10,1,4,1.05677867252335,0.180906217008694
kras,1,4,1.15301206843197,0.0000627266663571727
mapk9,1,4,1.08200989784332,0.0360617172380762
nfkb1,1,4,0.886527389402915,0.000719015371730211
pdgfra,1,4,0.843659709865771,0.000000620241181650398
pdpk1,1,4,1.12400217072887,0.00123079932712847
runx1,1,4,0.920615389963304,0.0224923353216767
akap9,1,4,0.903599190466312,0.00428283799210492
ctcf,1,4,1.13237918027978,0.000501206068485577
dnah11,1,4,1.09571149825314,0.0024455382659954
lama2,1,4,0.836019289234385,0.000000260518764645943
cdkn2c,1,4,0.81506424673563,0.000000499959863954217
brca1,0,0,1.05432880818543,0.175822630266247
brca2,0,0,0.994824301181856,0.918449338354895
palb2,0,0,1.05705570268757,0.168698539155665
pten,0,0,0.895461544429001,0.00261141749307362
tp53,0,0,0.978963836459732,0.64593530788255
atm,0,0,0.961689105307854,0.359692845790858
cdh1,0,0,1.02809644168716,0.558184913706999
chek2,0,0,0.998498479058384,0.971934350756058
nbn,0,0,0.993504257158046,0.900968553108042
nf1,0,0,1.05070509613462,0.236034360284011
stk11,0,0,1.02195415540831,0.635969255858227
bard1,0,0,1.09510438529698,0.0142205995946616
mlh1,0,0,0.988542544576942,0.798217494177315
msh2,0,0,0.967324634110118,0.493183406670937
msh6,0,0,1.05489969497644,0.1930191498541
pms2,0,0,0.915319899539021,0.0147714898524465
epcam,0,0,0.987682363406322,0.798217494177315
rad51c,0,0,1.01046761982835,0.823916590312526
rad51d,0,0,0.989928762653302,0.839449940750974
rad50,0,0,1.04748269398354,0.271935239315823
rb1,0,0,1.01184682480612,0.799322323156364
rbl1,0,0,1.09259656641107,0.0154184554458111
rbl2,0,0,1.00320693917492,0.947719054902131
ccna1,0,0,0.993987448738279,0.918449338354895
ccnb1,0,0,1.12777384252724,0.000719015371730211
cdk1,0,0,1.10366061104452,0.00616509847534487
ccne1,0,0,1.09132319909041,0.0169289641313711
cdk2,0,0,1.11901509635687,0.00190000646300885
cdc25a,0,0,1.09749418000599,0.00731791565049606
ccnd1,0,0,1.02472374891356,0.600270704158287
cdk4,0,0,1.00528511416221,0.918449338354895
cdk6,0,0,0.998108653754119,0.9692456396914
cdkn2a,0,0,0.951881383563209,0.271935239315823
cdkn2b,0,0,0.969593698059504,0.509684583219822
myc,0,0,0.950049664056136,0.220312933989039
cdkn1a,0,0,1.04893696427187,0.269176538039722
cdkn1b,0,0,0.905158475706027,0.00618963418889861
e2f1,0,0,1.01069622930084,0.822713486987813
e2f2,0,0,1.12186372193316,0.00102323057293891
e2f3,0,0,1.05052153863882,0.23309677368858
e2f4,0,0,1.06075109228045,0.143265081450257
e2f5,0,0,1.02493699415248,0.601574320928397
e2f6,0,0,0.961079196640149,0.347919585625451
e2f7,0,0,1.1478474004887,0.0000509308374943492
e2f8,0,0,1.08574974359495,0.0301831567144832
src,0,0,1.08504398398678,0.0293123694006329
jak1,0,0,0.930411831233698,0.0403559299200686
jak2,0,0,0.858787331360974,0.0000321862534920601
stat1,0,0,1.05100611846404,0.220312933989039
stat2,0,0,1.05226225711427,0.210362423133267
stat3,0,0,0.981502734741346,0.663276170419281
mdm2,0,0,1.0543897460295,0.168698539155665
tp53bp1,0,0,1.02142138663559,0.63779966449571
adam10,0,0,0.989956934090459,0.821714723812652
adam17,0,0,1.07919623871269,0.0443625335624459
aph1a,0,0,0.949219680899386,0.208472948936079
aph1b,0,0,0.933345091108264,0.0805573592277372
arrdc1,0,0,1.08515405883293,0.0237262167178515
cir1,0,0,0.862804220736532,0.0000512352641350509
ctbp1,0,0,0.942113585263821,0.143265081450257
ctbp2,0,0,1.0491389858773,0.240596501774191
cul1,0,0,0.942625415358319,0.15384938274953
dll1,0,0,0.962669885465849,0.378438953422218
dll3,0,0,1.06642464775916,0.103717003855735
dll4,0,0,1.06620827965362,0.10244211176491
dtx1,0,0,0.996693751646396,0.943951166915758
dtx2,0,0,1.08466581141945,0.0310794914097868
dtx3,0,0,1.00130945558059,0.971934350756058
dtx4,0,0,1.01475784469345,0.748882808296973
fbxw7,0,0,1.04280148153395,0.290214772886989
hdac1,0,0,1.00422257114407,0.935136541280041
hdac2,0,0,1.01809805230546,0.696016891944059
hes1,0,0,1.08837265009667,0.0260646962762992
hes5,0,0,0.96112927111917,0.388754186830211
heyl,0,0,1.01261669699188,0.787572286582652
itch,0,0,0.979953861924671,0.647320296173733
jag1,0,0,0.932764418758181,0.0900500855591876
jag2,0,0,1.0483463044916,0.263984962614929
kdm5a,0,0,1.10293111767393,0.00618963418889861
lfng,0,0,1.02914741714078,0.532270904020985
maml1,0,0,1.12873144080997,0.000885989139646236
maml2,0,0,0.956264501559249,0.303942003444978
maml3,0,0,0.976249152745751,0.586830728513073
ncor2,0,0,1.03735178846443,0.378438953422218
ncstn,0,0,1.01540496137954,0.730960219763077
notch1,0,0,1.05353359704004,0.214262533642599
notch2,0,0,0.957387360448322,0.296143744855161
notch3,0,0,1.07035316714994,0.089043489090909
nrarp,0,0,0.970908791388809,0.517121743544743
numb,0,0,0.980838671774802,0.672643367616962
numbl,0,0,1.04224693404816,0.340213776910348
psen1,0,0,1.00336465517433,0.947719054902131
psen2,0,0,1.01660051302494,0.715763625611571
psenen,0,0,0.969846364225129,0.493726874524168
rbpj,0,0,0.97808581484189,0.630304983948245
rbpjl,0,0,1.07980715586033,0.0325411487464388
rfng,0,0,1.02661344645618,0.573400009118599
snw1,0,0,0.937071061942694,0.0976786907776592
spen,0,0,0.983237819102197,0.712184862264833
hes2,0,0,0.954788890386908,0.278756997772631
hes4,0,0,1.00545926775546,0.918449338354895
hes7,0,0,1.03211395337712,0.478914701925559
hey1,0,0,0.970809664689719,0.522953380336333
hey2,0,0,0.965196013945521,0.442403438679133
acvr1,0,0,0.95610397578366,0.283638948312333
acvr1b,0,0,1.11653544897347,0.00303872137211378
acvr1c,0,0,0.953565234741028,0.26739027106879
acvr2a,0,0,0.901722297440984,0.00618963418889861
acvr2b,0,0,1.02372791109423,0.574232089612184
acvrl1,0,0,0.931192668230537,0.0738658652368858
akt1,0,0,1.11659687966124,0.00190000646300885
akt1s1,0,0,1.02089158349541,0.630304983948245
akt2,0,0,1.04245619768702,0.321412114347721
apaf1,0,0,1.02406668622512,0.606626235870952
arl11,0,0,1.04373244450462,0.291705036833537
atr,0,0,1.05618993512844,0.186233301651608
bad,0,0,0.974341310973921,0.573400009118599
bcl2l1,0,0,1.10454215678156,0.00731791565049606
bmp10,0,0,1.02381741654173,0.606226424841446
bmp15,0,0,1.01170521131882,0.803435679122804
bmp2,0,0,1.03239799425537,0.507063739027739
bmp3,0,0,1.04327570297452,0.322810917083581
bmp4,0,0,0.992971067291484,0.891944256446014
bmp5,0,0,0.964632326842452,0.439192719080375
bmp6,0,0,0.968340799269834,0.497035705087534
bmp7,0,0,1.04487219553124,0.278756997772631
bmpr1a,0,0,0.997484244481235,0.955382263720655
bmpr1b,0,0,1.00526900564565,0.918449338354895
bmpr2,0,0,0.947855208427443,0.168698539155665
braf,0,0,1.0038345253116,0.935136541280041
casp3,0,0,1.0585033084254,0.160757642055807
casp6,0,0,0.953555624672785,0.240596501774191
casp7,0,0,0.948823912259949,0.199811863239931
casp8,0,0,0.935585757964442,0.103127652970982
casp9,0,0,0.975766241130944,0.594861707984495
chek1,0,0,1.08833819034241,0.0205198079890586
csf1,0,0,1.01659382174053,0.722341696130627
csf1r,0,0,0.94329318872469,0.143265081450257
cxcl8,0,0,1.05692929872794,0.170782524101736
cxcr1,0,0,1.0507279023719,0.255961399244613
cxcr2,0,0,0.948404562515074,0.201764788669588
dab2,0,0,0.986498122084276,0.767031942223508
diras3,0,0,0.861929299350424,0.000500263547621384
dlec1,0,0,0.925063868877929,0.0458600152590257
dph1,0,0,0.986529672826122,0.773391466365864
egfr,0,0,1.02252950318097,0.647320296173733
eif4e,0,0,0.960351497875661,0.334200673886534
eif4ebp1,0,0,1.12624152349503,0.000683518383483835
eif5a2,0,0,0.968417416821395,0.460252701949221
erbb2,0,0,1.11842660368969,0.00296606996389174
erbb3,0,0,1.03310499651534,0.493726874524168
erbb4,0,0,1.06631044035775,0.0739503128815366
fas,0,0,0.874553610020008,0.000719015371730211
fgf1,0,0,0.923742756369395,0.0529388289492867
fgfr1,0,0,1.02148264416794,0.645243935175619
folr1,0,0,0.978604828826201,0.64593530788255
folr2,0,0,0.951890606102084,0.255986895479079
folr3,0,0,1.02960144794075,0.519769063721246
foxo1,0,0,0.943397996114392,0.15384938274953
foxo3,0,0,1.02811998796631,0.530702366763503
gdf11,0,0,1.09514801404129,0.00799393234064846
gdf2,0,0,1.01145526621817,0.804287174031401
hif1a,0,0,1.00288571180375,0.950804543101875
hla-g,0,0,0.931801974766719,0.0808070348967847
hras,0,0,1.05698771122451,0.15384938274953
igf1r,0,0,0.90644320129137,0.00877536387584546
inha,0,0,1.05808377959421,0.143265081450257
inhba,0,0,0.918619264168685,0.0240748533860537
inhbc,0,0,1.00143179226005,0.971934350756058
itgav,0,0,0.982018350287792,0.669100459917182
itgb3,0,0,0.958491021493045,0.339974311746555
izumo1r,0,0,1.00138772589495,0.971934350756058
kdr,0,0,0.960300325586669,0.339134774946773
kit,0,0,0.846375388812785,0.0000109645940866009
map2k1,0,0,1.05633189589876,0.159096531954198
map2k2,0,0,1.05894864736989,0.150089606307411
map2k3,0,0,1.05704264403766,0.15384938274953
map2k4,0,0,0.939154804664633,0.112442708356605
map2k5,0,0,0.995465250302302,0.926820566211586
map3k1,0,0,0.908248574484604,0.0103132105481514
map3k3,0,0,0.951643342232233,0.240596501774191
map3k4,0,0,1.01939945366355,0.6725820085262
map3k5,0,0,1.01565296767752,0.72501932135825
mapk1,0,0,0.983495538415864,0.712184862264833
mapk12,0,0,1.03553066164619,0.409316353833425
mapk14,0,0,1.02693338109668,0.573461853465283
mapk3,0,0,1.00494712902453,0.921619693500207
mapk4,0,0,1.01674240242125,0.712184862264833
mapk6,0,0,1.02226063071142,0.630304983948245
mapk7,0,0,1.05893151342281,0.157037622984912
mapk8,0,0,0.93668732404693,0.10244211176491
mdc1,0,0,1.03720702346414,0.387818593755142
mlst8,0,0,1.06875634751737,0.0890804292473036
mmp1,0,0,0.994874282301662,0.918449338354895
mmp10,0,0,0.905606219121636,0.0188584861390801
mmp11,0,0,1.13423080821744,0.000719015371730211
mmp12,0,0,1.00295364972441,0.950804543101875
mmp13,0,0,1.03811136894351,0.3784625758001
mmp14,0,0,1.00103136218611,0.978886072824831
mmp15,0,0,1.11534530452745,0.00129825444542124
mmp16,0,0,1.03939540348422,0.376996549068253
mmp17,0,0,1.08305073825214,0.0293123694006329
mmp19,0,0,0.900951251574078,0.00901305391634632
mmp2,0,0,0.977608013895746,0.629303281391976
mmp21,0,0,0.992209058650889,0.881468120078687
mmp23b,0,0,1.011461807765,0.806005661425389
mmp24,0,0,1.02295196436685,0.606226424841446
mmp26,0,0,0.984826387721574,0.722621534755412
mmp27,0,0,0.912589472322286,0.0204018735182985
mmp28,0,0,0.934862524992564,0.103822196534156
mmp3,0,0,0.899783559782706,0.00539586433701623
mmp7,0,0,0.915567730635292,0.0225380678564403
mmp9,0,0,1.07288816885336,0.0693012267924541
mtor,0,0,1.03627685361316,0.407319090049381
nfkb2,0,0,0.984964578155615,0.725705411880067
opcml,0,0,1.01467729307678,0.745269550012956
pdgfa,0,0,0.983970974051629,0.72501932135825
pdgfb,0,0,1.10878603462696,0.00328411104634442
pdgfrb,0,0,0.981339450488193,0.6725820085262
peg3,0,0,1.04754619486104,0.263984962614929
pik3ca,0,0,0.957624371890533,0.32213747275205
pik3r1,0,0,0.932247176832128,0.0755988541962612
pik3r2,0,0,1.01306881593553,0.783709986350005
plagl1,0,0,0.95556379643168,0.291752520178541
ptk2,0,0,1.07686349426689,0.0570776050190871
rab25,0,0,1.01339353893983,0.787572286582652
rad51,0,0,1.03335817696665,0.444544832381252
raf1,0,0,1.12042466328857,0.00187662063465622
rassf1,0,0,0.934479559767572,0.0900500855591876
rheb,0,0,0.976692651912766,0.574232089612184
rictor,0,0,0.969047098025745,0.493726874524168
rps6,0,0,0.854598681204659,0.00000164193211732952
rps6ka1,0,0,0.983426566918592,0.703523177812269
rps6ka2,0,0,0.89366189629224,0.00190000646300885
rps6kb1,0,0,1.03888300993286,0.373558429058744
rps6kb2,0,0,1.1308322366223,0.000500263547621384
rptor,0,0,1.08221430844643,0.0290049142358453
slc19a1,0,0,1.14206130724165,0.000123517776223097
smad1,0,0,1.02112005253005,0.647320296173733
smad2,0,0,1.04091503848245,0.352286248239922
smad3,0,0,1.05543770425181,0.180906217008694
smad4,0,0,0.91700516359978,0.0109702563863415
smad5,0,0,0.955389712658257,0.302625863563466
smad6,0,0,1.10950614880875,0.00428336021191058
smad7,0,0,1.06188841356288,0.145561925936522
smad9,0,0,0.971694741157453,0.526736334643007
sptbn1,0,0,1.01991588279924,0.647320296173733
terc,0,0,1.01197208893083,0.811798542690161
tert,0,0,0.958012532937119,0.2966641350977
tgfb1,0,0,1.02649065045537,0.574232089612184
tgfb2,0,0,0.959999215209299,0.352286248239922
tgfb3,0,0,0.893617077270398,0.0015062272134715
tgfbr1,0,0,1.04544220735221,0.291413352198393
tgfbr2,0,0,0.917915231233129,0.0115893978912367
tgfbr3,0,0,0.894824080055347,0.00302729355072368
tsc1,0,0,0.925957821195631,0.0443625335624459
tsc2,0,0,1.06676164416007,0.0905694928217955
vegfb,0,0,1.03028506310572,0.519769063721246
wfdc2,0,0,0.994585667409933,0.918449338354895
wwox,0,0,1.1243852018467,0.000302066200879256
zfyve9,0,0,1.06635134609961,0.103717003855735
arid1a,0,0,0.982035364028749,0.6725820085262
arid1b,0,0,1.00316452246699,0.947719054902131
cbfb,0,0,1.0192359162817,0.663276170419281
gata3,0,0,0.943227168865439,0.153147123130419
kmt2c,0,0,1.0741865633225,0.0403559299200686
kmt2d,0,0,0.971466023859721,0.509684583219822
myh9,0,0,1.03470907615669,0.427847449251989
ncor1,0,0,0.983644935245551,0.703523177812269
pde4dip,0,0,0.981834224858314,0.684045260594876
ptprd,0,0,0.969807353279537,0.507063739027739
ros1,0,0,1.03520182578172,0.442403438679133
tbx3,0,0,0.923820357579606,0.0411889686852515
abcb11,0,0,1.03226143742453,0.471032294885483
abcc1,0,0,1.05694473990297,0.168698539155665
abcc10,0,0,1.05039024020606,0.220102478999274
bbc3,0,0,1.02888113464152,0.532270904020985
bmf,0,0,1.05108420076486,0.244068779187589
cyp2c8,0,0,0.940594056068524,0.143265081450257
cyp3a4,0,0,0.991697102862333,0.872138984184631
fgf2,0,0,1.00688027019278,0.896477787299896
fn1,0,0,1.11809379440212,0.00279174664229518
map2,0,0,1.04376773922017,0.291752520178541
map4,0,0,1.09200528918755,0.00524662799343566
mapt,0,0,0.904472603494524,0.00618963418889861
nr1i2,0,0,0.985396541256604,0.746176197588102
slco1b3,0,0,1.02064605235192,0.663276170419281
tubb1,0,0,1.03432453522046,0.439192719080375
tubb4a,0,0,1.03010666744258,0.454661039472293
tubb4b,0,0,1.14418667086602,0.000190027263044771
twist1,0,0,0.991528812399303,0.872138984184631
adgra2,0,0,0.909830959167133,0.0108868781687761
afdn,0,0,1.08920353161044,0.0213309516687125
aff2,0,0,0.961676007969404,0.388948229962159
agmo,0,0,0.96818375486254,0.464043215496851
agtr2,0,0,1.02146151503875,0.63779966449571
ahnak,0,0,0.93774577780065,0.0900500855591876
ahnak2,0,0,1.01528593964148,0.739922475680199
alk,0,0,1.0202755812889,0.63779966449571
apc,0,0,1.02928620772678,0.519769063721246
arid2,0,0,0.963342796642348,0.38078100300655
arid5b,0,0,0.938881805905746,0.0916139248122987
asxl1,0,0,1.04671481369643,0.280278554560691
asxl2,0,0,1.07786007917007,0.0443625335624459
bap1,0,0,1.02382838624838,0.600270704158287
bcas3,0,0,1.07277273807473,0.0729636511174082
birc6,0,0,1.00268536688499,0.953221177354183
cacna2d3,0,0,0.92430378315743,0.0660172280249091
ccnd3,0,0,1.0057504415576,0.918449338354895
chd1,0,0,0.975026805670568,0.586830728513073
clk3,0,0,1.02928726993328,0.524349129066628
clrn2,0,0,1.00512147946503,0.918449338354895
col12a1,0,0,1.03298990960596,0.449342227196443
col22a1,0,0,1.03375149133517,0.424817552643231
col6a3,0,0,0.977692235353217,0.606226424841446
ctnna1,0,0,1.07916655119308,0.0486110805298214
ctnna3,0,0,1.08324324548446,0.0347049232921167
dnah2,0,0,0.898446424264094,0.00507419704222158
dnah5,0,0,1.02023405534594,0.647320296173733
dtwd2,0,0,1.08642021618896,0.0248118318315726
fam20c,0,0,0.992595856463194,0.889852340029772
fanca,0,0,1.04002802227972,0.370026578884377
fancd2,0,0,1.16278654745772,0.0000154413112540379
foxp1,0,0,0.979532430109812,0.63779966449571
frmd3,0,0,0.958276906430067,0.339028969791576
gh1,0,0,1.0457899323062,0.260756390413745
gldc,0,0,0.942547255558883,0.15384938274953
gpr32,0,0,1.03587206049493,0.421856538041408
gps2,0,0,1.04147816817691,0.329389433312625
hdac9,0,0,1.01667937355677,0.71927928002437
herc2,0,0,0.98257204981525,0.703224624175284
hist1h2bc,0,0,1.00812832195574,0.872138984184631
kdm3a,0,0,0.974747409397463,0.575990498042758
kdm6a,0,0,1.02464981359596,0.586830728513073
klrg1,0,0,0.924938547753668,0.0615605723174325
l1cam,0,0,0.978292870517104,0.64593530788255
large1,0,0,1.00283426290707,0.950804543101875
ldlrap1,0,0,1.03202528469955,0.463801135735077
lifr,0,0,0.860912112408184,0.000190027263044771
lipi,0,0,1.05761871161297,0.0729636511174082
magea8,0,0,1.08329589301621,0.0122303710426506
map3k10,0,0,0.976227987017756,0.606226424841446
map3k13,0,0,1.07954481796476,0.0337478160460276
men1,0,0,1.09605261254389,0.0183673727541529
mtap,0,0,0.984227280658506,0.739922475680199
muc16,0,0,1.02639674157264,0.544660229948469
myo1a,0,0,1.020370270858,0.63779966449571
myo3a,0,0,1.01311071629934,0.784013926478311
ncoa3,0,0,1.12591072891609,0.000719015371730211
nek1,0,0,0.903631533453678,0.00544558353357281
nf2,0,0,1.02570984173006,0.574232089612184
npnt,0,0,1.06015532112843,0.145561925936522
nr2f1,0,0,1.01063707208716,0.826438727755438
nr3c1,0,0,0.891752996443533,0.00214961121568588
nras,0,0,0.981572935530345,0.685700020173091
nrg3,0,0,1.04438003720844,0.352286248239922
nt5e,0,0,0.966853850337903,0.460252701949221
or6a2,0,0,1.02136760652851,0.64593530788255
palld,0,0,0.943643824039082,0.127568855776018
pbrm1,0,0,1.01840044451234,0.683855642446941
ppp2cb,0,0,0.896732980294165,0.00524662799343566
ppp2r2a,0,0,0.937466603780399,0.106819331188066
prkacg,0,0,1.0564565646311,0.146582427174555
prkce,0,0,0.993394168085388,0.900968553108042
prkcq,0,0,1.10421736105774,0.00618963418889861
prkcz,0,0,1.01909183555516,0.6725820085262
prkg1,0,0,1.0267891550741,0.566011954370792
prps2,0,0,0.940937338335763,0.124330196677205
prr16,0,0,0.995184675192342,0.921619693500207
ptpn22,0,0,0.886418972550649,0.00210329132401889
ptprm,0,0,0.983853216740112,0.716990997675649
rasgef1b,0,0,0.967156231997646,0.456444321149237
rpgr,0,0,0.935114177276251,0.091450879867034
ryr2,0,0,0.955275299572182,0.2966641350977
sbno1,0,0,1.00942010965466,0.85066886005706
setd1a,0,0,1.03229626097148,0.439192719080375
setd2,0,0,1.02412407588943,0.606226424841446
setdb1,0,0,1.00766492418972,0.881468120078687
sf3b1,0,0,1.03927613250736,0.378438953422218
sgcd,0,0,0.953203319759748,0.260756390413745
shank2,0,0,0.994177587799114,0.918449338354895
siah1,0,0,1.02188952276475,0.635969255858227
sik1,0,0,0.952848507139516,0.260756390413745
sik2,0,0,0.939089512415547,0.114972980663737
smarcb1,0,0,1.05474491609607,0.180906217008694
smarcc1,0,0,0.998395595146755,0.971934350756058
smarcc2,0,0,1.06709695352937,0.0905694928217955
smarcd1,0,0,1.07579063047599,0.0615605723174325
spaca1,0,0,0.964078917294779,0.391419681070691
stab2,0,0,0.930317331847984,0.106819331188066
stmn2,0,0,0.935860950859979,0.130661694239412
syne1,0,0,0.873615510093337,0.000509983531847379
taf1,0,0,1.10547443600971,0.00544558353357281
taf4b,0,0,0.895433772242526,0.00691327854674616
tbl1xr1,0,0,1.04440941009587,0.296143744855161
tg,0,0,0.982181213479384,0.681801880969173
thada,0,0,0.987736735010328,0.78911292826078
thsd7a,0,0,1.03951236489309,0.368390199227642
ttyh1,0,0,0.989134988464842,0.827426208159855
ubr5,0,0,1.05892157578977,0.153147123130419
ush2a,0,0,1.06885718675194,0.106819331188066
usp9x,0,0,1.02182462271955,0.643280854306084
utrn,0,0,0.941241901905143,0.114972980663737
zfp36l1,0,0,0.920681912558335,0.026285674549612
ackr3,0,0,1.05477746477047,0.186682995849555
akr1c1,0,0,0.992535424304781,0.889154340155871
akr1c2,0,0,0.972807902880005,0.575990498042758
akr1c3,0,0,0.893378624420042,0.00362006472553466
akr1c4,0,0,0.95279000405185,0.292984743540133
akt3,0,0,1.07096221258184,0.0900500855591876
ar,0,0,1.10704302036738,0.00722019581251663
bche,0,0,1.03383484586201,0.388948229962159
cdk8,0,0,1.02873253780872,0.531233917119277
cyb5a,0,0,0.975770187157326,0.586830728513073
cyp11a1,0,0,0.87225315976645,0.000683518383483835
cyp11b2,0,0,1.02425580464312,0.606226424841446
cyp17a1,0,0,1.03249554067956,0.44999177242876
cyp19a1,0,0,1.03793198187388,0.388754186830211
cyp21a2,0,0,0.995827090672935,0.930868326248896
cyp3a43,0,0,0.99024013729095,0.839449940750974
cyp3a5,0,0,0.997522505970473,0.954703675159406
cyp3a7,0,0,1.05972621291271,0.210701651541028
ddc,0,0,1.03564005221937,0.401361705166086
hes6,0,0,1.10531647149412,0.0055065910409906
hsd17b1,0,0,0.9530190731105,0.269176538039722
hsd17b10,0,0,1.07866758248674,0.0507387152753267
hsd17b11,0,0,0.88846668443872,0.000805963201260038
hsd17b12,0,0,0.999842741701213,0.995839135079119
hsd17b13,0,0,0.936100862992945,0.106819331188066
hsd17b14,0,0,0.994028916934943,0.910252232044517
hsd17b2,0,0,1.01187997135076,0.804287174031401
hsd17b3,0,0,0.961773367899231,0.364537539271155
hsd17b4,0,0,0.972816310178638,0.539635146409506
hsd17b6,0,0,1.01898111511081,0.681801880969173
hsd17b7,0,0,0.949823446203064,0.211347803827542
hsd17b8,0,0,0.984618113871185,0.730472727808399
hsd3b1,0,0,0.949948033479519,0.240596501774191
hsd3b2,0,0,0.980405246737985,0.663524548363839
hsd3b7,0,0,0.945816989554353,0.160757642055807
mecom,0,0,1.04077758039657,0.359704617008123
met,0,0,0.949624807353033,0.23309677368858
ncoa2,0,0,1.04193839253503,0.329389433312625
nrip1,0,0,0.910629473714806,0.0092487498972695
pik3r3,0,0,1.02823837628474,0.507063739027739
prkci,0,0,1.00059322978334,0.988606050396403
prkd1,0,0,0.919531368595495,0.0289508539478276
ran,0,0,1.00884644452054,0.860248911977211
rdh5,0,0,0.87743822084636,0.00121325270130063
sdc4,0,0,1.08629947060692,0.0293123694006329
serpini1,0,0,1.04120808700516,0.339028969791576
shbg,0,0,0.918281021188697,0.0236485390317203
slc29a1,0,0,1.04650249983057,0.269176538039722
sox9,0,0,1.00039712801359,0.991715704535155
srd5a1,0,0,1.05239126868792,0.200891470256596
srd5a2,0,0,1.01479116504094,0.749328892330668
srd5a3,0,0,1.05178360548586,0.214262533642599
st7,0,0,0.99592821781791,0.935020695530019
star,0,0,1.00415081278238,0.935136541280041
tnk2,0,0,1.06014823871538,0.145561925936522
tulp4,0,0,1.07773916243096,0.0443625335624459
ugt2b15,0,0,0.924009174133565,0.0842060966873213
ugt2b17,0,0,0.922025112243069,0.072479892481559
ugt2b7,0,0,0.994761872760865,0.918449338354895
